CODIGO_EMPRESA;DESCRICAO_PRODUTO;CODIGO_PRODUTO;NOVO_MINIMO;NOVO_MAXIMO
2;ABS C ABAS S LIVRE LV8PG7 AD SUAVE;3911;48;96
3;ABS C ABAS S LIVRE LV8PG7 AD SUAVE;3911;48;96
6;ABS C ABAS S LIVRE LV8PG7 AD SUAVE;3911;48;96
12;ABS C ABAS S LIVRE LV8PG7 AD SUAVE;3911;48;96
13;ABS C ABAS S LIVRE LV8PG7 AD SUAVE;3911;48;96
17;ABS C ABAS S LIVRE LV8PG7 AD SUAVE;3911;48;96
4;ABS DEFINITY S ABAS C 8;12169;60;120
13;ABS DEFINITY S ABAS C 8;12169;60;120
7;ABS MILI PROT TOTAL 16UN C ABAS SUAVE;3904;24;48
13;ABS MILI PROT TOTAL 16UN C ABAS SUAVE;3904;24;48
6;ACHOC LIQ SHOWKINHO 200ML;2909;540;702
7;ACHOC LIQ SHOWKINHO 200ML;2909;324;432
11;ACHOC LIQ SHOWKINHO 200ML;2909;729;972
2;ACHOC PO 3C LT 350G CHOCOLATTO;34294;30;60
4;ACHOC PO 3C LT 350G CHOCOLATTO;34294;30;60
5;ACHOC PO 3C LT 350G CHOCOLATTO;34294;30;60
7;ACHOC PO 3C LT 350G CHOCOLATTO;34294;30;60
8;ACHOC PO 3C LT 350G CHOCOLATTO;34294;30;60
14;ACHOC PO 3C LT 350G CHOCOLATTO;34294;30;60
2;AGUA MIN FONTE DA MATA 500ML C GAS;37956;24;36
3;AGUA MIN FONTE DA MATA 500ML C GAS;37956;144;192
4;AGUA MIN FONTE DA MATA 500ML C GAS;37956;60;84
6;AGUA MIN FONTE DA MATA 500ML C GAS;37956;24;36
8;AGUA MIN FONTE DA MATA 500ML C GAS;37956;36;48
11;AGUA MIN FONTE DA MATA 500ML C GAS;37956;96;132
12;AGUA MIN FONTE DA MATA 500ML C GAS;37956;84;120
13;AGUA MIN FONTE DA MATA 500ML C GAS;37956;60;84
17;AGUA MIN FONTE DA MATA 500ML C GAS;37956;24;36
18;AGUA MIN FONTE DA MATA 500ML C GAS;37956;24;36
3;AGUA MINERAL CRYSTAL C G PET 1 5L;13;132;174
12;AGUA MINERAL CRYSTAL C G PET 1 5L;13;36;48
14;AGUA MINERAL CRYSTAL C G PET 1 5L;13;54;72
3;AGUA SANIT GIRANDO SOL 2L;8806;108;144
14;AGUA SANIT GIRANDO SOL 2L;8806;30;42
11;AGUA SANIT GOTA LIMPA 1L;3948;60;84
18;AGUA SANIT GOTA LIMPA 1L;3948;60;84
3;AGUA TONICA SCHWEPPES LT 350ML;871;18;24
14;AGUA TONICA SCHWEPPES LT 350ML;871;24;36
2;ALFAJOR EL AGUILA 60G CHOC;1058;24;36
3;ALFAJOR EL AGUILA 60G CHOC;1058;24;36
6;ALFAJOR EL AGUILA 60G CHOC;1058;24;36
13;ALFAJOR EL AGUILA 60G CHOC;1058;24;36
14;ALFAJOR EL AGUILA 60G CHOC;1058;24;36
2;ALFAJOR EL AGUILA 60G CHOC BRANCO;1059;24;36
3;ALFAJOR EL AGUILA 60G CHOC BRANCO;1059;24;36
6;ALG ROLO COTTONBABY 25G;12328;80;160
12;ALG ROLO COTTONBABY 25G;12328;80;160
1;ARROZ BCO BOM DE PANELA TP1 5KG;36813;36;48
4;ARROZ BCO BOM DE PANELA TP1 5KG;36813;42;60
5;ARROZ BCO BOM DE PANELA TP1 5KG;36813;48;66
7;ARROZ BCO BOM DE PANELA TP1 5KG;36813;72;96
8;ARROZ BCO BOM DE PANELA TP1 5KG;36813;48;66
11;ARROZ BCO BOM DE PANELA TP1 5KG;36813;156;204
12;ARROZ BCO BOM DE PANELA TP1 5KG;36813;144;192
11;ARROZ BCO ORYZA TP1 5KG;2127;18;24
12;ARROZ BCO ORYZA TP1 5KG;2127;84;114
1;ARROZ BCO PAMPEANO TP1 5KG;2128;18;24
6;ARROZ BCO PAMPEANO TP1 5KG;2128;72;96
8;ARROZ BCO PAMPEANO TP1 5KG;2128;36;48
11;ARROZ BCO PAMPEANO TP1 5KG;2128;78;102
14;ARROZ BCO PAMPEANO TP1 5KG;2128;24;36
3;AZEITE OLIV COCINERO EXT VIRG 500ML;949;36;48
8;AZEITE OLIV COCINERO EXT VIRG 500ML;949;24;36
11;AZEITE OLIV COCINERO EXT VIRG 500ML;949;24;36
13;AZEITE OLIV COCINERO EXT VIRG 500ML;949;24;36
14;AZEITE OLIV COCINERO EXT VIRG 500ML;949;36;48
17;AZEITE OLIV COCINERO EXT VIRG 500ML;949;36;48
18;AZEITE OLIV COCINERO EXT VIRG 500ML;949;24;36
4;AZEITONA VERDE FATIADA UNIAGRO100G;36398;24;48
18;AZEITONA VERDE FATIADA UNIAGRO100G;36398;24;48
7;AZEITONA VERDE VALE FERTIL SH 120G FATIADA;2328;24;48
11;AZEITONA VERDE VALE FERTIL SH 120G FATIADA;2328;24;48
12;AZEITONA VERDE VALE FERTIL SH 120G FATIADA;2328;24;48
14;AZEITONA VERDE VALE FERTIL SH 120G FATIADA;2328;24;48
2;BARRA CEREAL NATURALE 22G CASTANHA C CHOC;3317;160;320
6;BARRA CEREAL NATURALE 22G CASTANHA C CHOC;3317;160;320
11;BARRA CEREAL NATURALE 22G CASTANHA C CHOC;3317;160;320
17;BARRA CEREAL NATURALE 22G CASTANHA C CHOC;3317;160;320
18;BARRA CEREAL NATURALE 22G CASTANHA C CHOC;3317;160;320
2;BAT PALHA BIG MAIS TRAD 80G;13104;40;80
4;BAT PALHA BIG MAIS TRAD 80G;13104;40;80
5;BAT PALHA BIG MAIS TRAD 80G;13104;40;80
7;BAT PALHA BIG MAIS TRAD 80G;13104;40;80
8;BAT PALHA BIG MAIS TRAD 80G;13104;40;80
14;BAT PALHA BIG MAIS TRAD 80G;13104;40;80
18;BAT PALHA BIG MAIS TRAD 80G;13104;40;80
2;BATATA PALHA PRATIC LEVE 75G PREMIUM;1010;19;25
3;BATATA PALHA PRATIC LEVE 75G PREMIUM;1010;43;56
4;BATATA PALHA PRATIC LEVE 75G PREMIUM;1010;14;19
5;BATATA PALHA PRATIC LEVE 75G PREMIUM;1010;10;13
6;BATATA PALHA PRATIC LEVE 75G PREMIUM;1010;20;26
7;BATATA PALHA PRATIC LEVE 75G PREMIUM;1010;12;16
8;BATATA PALHA PRATIC LEVE 75G PREMIUM;1010;14;19
11;BATATA PALHA PRATIC LEVE 75G PREMIUM;1010;12;16
12;BATATA PALHA PRATIC LEVE 75G PREMIUM;1010;18;24
14;BATATA PALHA PRATIC LEVE 75G PREMIUM;1010;20;26
17;BATATA PALHA PRATIC LEVE 75G PREMIUM;1010;21;28
18;BATATA PALHA PRATIC LEVE 75G PREMIUM;1010;15;20
4;BISC AGUA E SAL ISABELA 350G;1020;24;48
11;BISC AGUA E SAL ISABELA 350G;1020;24;48
3;BISC MARIA ISABELA 350G;1427;24;48
11;BISC MARIA ISABELA 350G;1427;24;48
12;BISC MARIA ISABELA 350G;1427;24;48
2;BISC RECH DANIX 130G CHOC SHAKE;1487;60;120
5;BISC RECH DANIX 130G CHOC SHAKE;1487;60;120
2;BISC RECH DANIX SMURFS 130G CHOCO CHOCO;1516;60;120
3;BISC RECH DANIX SMURFS 130G CHOCO CHOCO;1516;60;120
6;BISC RECH DANIX SMURFS 130G CHOCO CHOCO;1516;60;120
11;BISC RECH DANIX SMURFS 130G CHOCO CHOCO;1516;60;120
12;BISC RECH DANIX SMURFS 130G CHOCO CHOCO;1516;60;120
17;BISC RECH DANIX SMURFS 130G CHOCO CHOCO;1516;60;120
18;BISC RECH DANIX SMURFS 130G CHOCO CHOCO;1516;60;120
4;BISC RECH ISABELA MOUSSE 130G CHOC AO LEITE;1528;50;100
5;BISC RECH ISABELA MOUSSE 130G CHOC AO LEITE;1528;50;100
7;BISC RECH ISABELA MOUSSE 130G CHOC AO LEITE;1528;50;100
8;BISC RECH ISABELA MOUSSE 130G CHOC AO LEITE;1528;50;100
14;BISC RECH ISABELA MOUSSE 130G CHOC AO LEITE;1528;50;100
4;BISC RECH ISABELA MOUSSE 130G CHOC M AMARGO;1527;50;100
5;BISC RECH ISABELA MOUSSE 130G CHOC M AMARGO;1527;50;100
7;BISC RECH ISABELA MOUSSE 130G CHOC M AMARGO;1527;50;100
3;BISC RECH NESTLE BONO 90G COCO;13437;66;132
4;BISC RECH NESTLE BONO 90G COCO;13437;66;132
6;BISC RECH NESTLE BONO 90G COCO;13437;66;132
11;BISC RECH NESTLE BONO 90G COCO;13437;66;132
13;BISC RECH NESTLE BONO 90G COCO;13437;66;132
17;BISC RECH NESTLE BONO 90G COCO;13437;66;132
18;BISC RECH NESTLE BONO 90G COCO;13437;66;132
5;BISC RECH NESTLE NEGRESCO 90G MOR;1464;66;132
14;BISC RECH NESTLE NEGRESCO 90G MOR;1464;66;132
11;BISC RECH PARATI Z CARTOON 85G BRIGADEIR;13454;40;80
17;BISC RECH PARATI Z CARTOON 85G BRIGADEIR;13454;80;120
2;BISC RECH PARATI Z CARTOON 85G CHOC;13455;40;80
3;BISC RECH PARATI Z CARTOON 85G CHOC;13455;40;80
6;BISC RECH PARATI Z CARTOON 85G CHOC;13455;40;80
13;BISC RECH PARATI Z CARTOON 85G CHOC;13455;40;80
18;BISC RECH PARATI Z CARTOON 85G CHOC;13455;40;80
2;BISC RECH PARATI Z CARTOON 85G DUO;13456;40;80
4;BISC RECH PARATI Z CARTOON 85G DUO;13456;40;80
6;BISC RECH PARATI Z CARTOON 85G DUO;13456;40;80
7;BISC RECH PARATI Z CARTOON 85G DUO;13456;40;80
11;BISC RECH PARATI Z CARTOON 85G DUO;13456;40;80
12;BISC RECH PARATI Z CARTOON 85G DUO;13456;40;80
13;BISC RECH PARATI Z CARTOON 85G DUO;13456;40;80
14;BISC RECH PARATI Z CARTOON 85G DUO;13456;40;80
17;BISC RECH PARATI Z CARTOON 85G DUO;13456;40;80
18;BISC RECH PARATI Z CARTOON 85G DUO;13456;40;80
2;BISC RECH PARATI Z CARTOON 85G FLOCOS;13457;80;120
3;BISC RECH PARATI Z CARTOON 85G FLOCOS;13457;40;80
5;BISC RECH PARATI Z CARTOON 85G FLOCOS;13457;40;80
6;BISC RECH PARATI Z CARTOON 85G FLOCOS;13457;40;80
8;BISC RECH PARATI Z CARTOON 85G FLOCOS;13457;40;80
14;BISC RECH PARATI Z CARTOON 85G FLOCOS;13457;40;80
17;BISC RECH PARATI Z CARTOON 85G FLOCOS;13457;40;80
18;BISC RECH PARATI Z CARTOON 85G FLOCOS;13457;40;80
2;BISC RECH PARATI Z CARTOON 85G MOR;13458;40;80
3;BISC RECH PARATI Z CARTOON 85G MOR;13458;40;80
5;BISC RECH PARATI Z CARTOON 85G MOR;13458;40;80
6;BISC RECH PARATI Z CARTOON 85G MOR;13458;40;80
8;BISC RECH PARATI Z CARTOON 85G MOR;13458;40;80
12;BISC RECH PARATI Z CARTOON 85G MOR;13458;40;80
14;BISC RECH PARATI Z CARTOON 85G MOR;13458;40;80
17;BISC RECH PARATI Z CARTOON 85G MOR;13458;40;80
18;BISC RECH PARATI Z CARTOON 85G MOR;13458;40;80
6;BISC RECH VISCONTI 125G MOR;13474;64;128
11;BISC RECH VISCONTI 125G MOR;13474;64;128
12;BISC RECH VISCONTI 125G MOR;13474;64;128
4;BISC SALG TUCS 100G PIZZA;1562;30;60
7;BISC SALG TUCS 100G PIZZA;1562;30;60
8;BISC SALG TUCS 100G PIZZA;1562;30;60
11;BISC SALG TUCS 100G PIZZA;1562;30;60
13;BISC SALG TUCS 100G PIZZA;1562;30;60
14;BISC SALG TUCS 100G PIZZA;1562;30;60
2;BISC SALG TUCS 100G SALAMINHO;1565;30;60
5;BISC SALG TUCS 100G SALAMINHO;1565;30;60
8;BISC SALG TUCS 100G SALAMINHO;1565;30;60
13;BISC SALG TUCS 100G SALAMINHO;1565;30;60
14;BISC SALG TUCS 100G SALAMINHO;1565;30;60
3;BISC SALG TUCS 100G TRAD;1564;30;60
7;BISC SALG TUCS 100G TRAD;1564;30;60
8;BISC SALG TUCS 100G TRAD;1564;30;60
17;BISC SALG TUCS 100G TRAD;1564;30;60
4;BOLO BAUDUCCO DUO 27G CHOC;1624;90;180
8;BOLO BAUDUCCO DUO 27G CHOC;1624;90;180
12;BOLO BAUDUCCO DUO 27G CHOC;1624;90;180
14;BOLO BAUDUCCO DUO 27G CHOC;1624;90;180
17;BOLO BAUDUCCO DUO 27G CHOC;1624;90;180
4;CAFE SOL 3C SH 40G TRAD;2081;96;144
5;CAFE SOL 3C SH 40G TRAD;2081;120;168
6;CAFE SOL IGUACU SH 40G CLASSICO;2077;48;72
17;CAFE SOL IGUACU SH 40G CLASSICO;2077;48;72
2;CAFE SOL NESCAFE VD 160G MATINAL;2141;24;36
8;CAFE SOL NESCAFE VD 160G MATINAL;2141;24;36
6;CALDO APTI 19G COSTELA;3365;216;432
13;CALDO APTI 19G COSTELA;3365;216;432
3;CALDO GALINHA MAGGI 57G;3386;150;300
7;CALDO GALINHA MAGGI 57G;3386;150;300
13;CALDO GALINHA MAGGI 57G;3386;150;300
17;CALDO GALINHA MAGGI 57G;3386;150;300
3;CALDO MAGGI 57G BACON;3376;150;300
12;CALDO MAGGI 57G BACON;3376;150;300
2;CERV HEINEKEN 0 0 LT 269ML;8983;24;48
3;CERV HEINEKEN 0 0 LT 269ML;8983;24;48
13;CERV HEINEKEN 0 0 LT 269ML;8983;24;48
3;CHICLE MENTOS 8 5G PURE FRUIT;1749;30;45
14;CHICLE MENTOS 8 5G PURE FRUIT;1749;15;30
3;CHICLE MENTOS 8 5G SPEAR MINT;1750;45;60
4;CHICLE MENTOS 8 5G SPEAR MINT;1750;15;30
5;CHICLE MENTOS 8 5G SPEAR MINT;1750;15;30
6;CHICLE MENTOS 8 5G SPEAR MINT;1750;15;30
7;CHICLE MENTOS 8 5G SPEAR MINT;1750;15;30
14;CHICLE MENTOS 8 5G SPEAR MINT;1750;15;30
3;CHICLE MENTOS 8 5G STRONG MINT;34495;30;45
6;CHICLE MENTOS 8 5G STRONG MINT;34495;15;30
7;CHICLE MENTOS 8 5G STRONG MINT;34495;15;30
17;CHICLE MENTOS 8 5G STRONG MINT;34495;15;30
2;CHICLE TRIDENT 8G CANELA;1757;21;42
3;CHICLE TRIDENT 8G CANELA;1757;42;63
5;CHICLE TRIDENT 8G CANELA;1757;21;42
6;CHICLE TRIDENT 8G CANELA;1757;21;42
2;CHICLE TRIDENT 8G HORTELA;1756;42;63
3;CHICLE TRIDENT 8G HORTELA;1756;63;84
4;CHICLE TRIDENT 8G HORTELA;1756;21;42
5;CHICLE TRIDENT 8G HORTELA;1756;21;42
6;CHICLE TRIDENT 8G HORTELA;1756;42;63
7;CHICLE TRIDENT 8G HORTELA;1756;21;42
11;CHICLE TRIDENT 8G HORTELA;1756;21;42
12;CHICLE TRIDENT 8G HORTELA;1756;21;42
13;CHICLE TRIDENT 8G HORTELA;1756;21;42
14;CHICLE TRIDENT 8G HORTELA;1756;21;42
17;CHICLE TRIDENT 8G HORTELA;1756;21;42
18;CHICLE TRIDENT 8G HORTELA;1756;21;42
3;CHICLE TRIDENT 8G MELANCIA;1754;42;63
4;CHICLE TRIDENT 8G MELANCIA;1754;42;63
5;CHICLE TRIDENT 8G MELANCIA;1754;21;42
11;CHICLE TRIDENT 8G MELANCIA;1754;21;42
12;CHICLE TRIDENT 8G MELANCIA;1754;21;42
13;CHICLE TRIDENT 8G MELANCIA;1754;21;42
17;CHICLE TRIDENT 8G MELANCIA;1754;21;42
18;CHICLE TRIDENT 8G MELANCIA;1754;21;42
1;CHICLE TRIDENT 8G MENTA;1758;21;42
2;CHICLE TRIDENT 8G MENTA;1758;42;63
3;CHICLE TRIDENT 8G MENTA;1758;105;147
4;CHICLE TRIDENT 8G MENTA;1758;63;84
5;CHICLE TRIDENT 8G MENTA;1758;42;63
6;CHICLE TRIDENT 8G MENTA;1758;42;63
7;CHICLE TRIDENT 8G MENTA;1758;21;42
8;CHICLE TRIDENT 8G MENTA;1758;21;42
11;CHICLE TRIDENT 8G MENTA;1758;42;63
12;CHICLE TRIDENT 8G MENTA;1758;42;63
13;CHICLE TRIDENT 8G MENTA;1758;21;42
14;CHICLE TRIDENT 8G MENTA;1758;42;63
17;CHICLE TRIDENT 8G MENTA;1758;21;42
18;CHICLE TRIDENT 8G MENTA;1758;42;63
11;CHICLE TRIDENT 8G MORANGO;1752;21;42
14;CHICLE TRIDENT 8G MORANGO;1752;21;42
3;CHICLE TRIDENT 8G TUTTI FRUTTI;1759;42;63
12;CHICLE TRIDENT 8G TUTTI FRUTTI;1759;21;42
13;CHICLE TRIDENT 8G TUTTI FRUTTI;1759;21;42
14;CHICLE TRIDENT 8G TUTTI FRUTTI;1759;21;42
2;CHICLE TRIDENT XSENSES 8G FRESH INTENSE;1755;24;32
3;CHICLE TRIDENT XSENSES 8G FRESH INTENSE;1755;33;43
4;CHICLE TRIDENT XSENSES 8G FRESH INTENSE;1755;15;20
5;CHICLE TRIDENT XSENSES 8G FRESH INTENSE;1755;10;13
7;CHICLE TRIDENT XSENSES 8G FRESH INTENSE;1755;14;19
11;CHICLE TRIDENT XSENSES 8G FRESH INTENSE;1755;11;15
13;CHICLE TRIDENT XSENSES 8G FRESH INTENSE;1755;10;13
1;CHOC BARRA NESTLE 80G AO LEITE;1294;64;128
2;CHOC BARRA NESTLE 80G AO LEITE;1294;128;192
3;CHOC BARRA NESTLE 80G AO LEITE;1294;192;256
4;CHOC BARRA NESTLE 80G AO LEITE;1294;64;128
5;CHOC BARRA NESTLE 80G AO LEITE;1294;64;128
6;CHOC BARRA NESTLE 80G AO LEITE;1294;64;128
7;CHOC BARRA NESTLE 80G AO LEITE;1294;64;128
8;CHOC BARRA NESTLE 80G AO LEITE;1294;64;128
11;CHOC BARRA NESTLE 80G AO LEITE;1294;128;192
12;CHOC BARRA NESTLE 80G AO LEITE;1294;128;192
13;CHOC BARRA NESTLE 80G AO LEITE;1294;64;128
14;CHOC BARRA NESTLE 80G AO LEITE;1294;64;128
17;CHOC BARRA NESTLE 80G AO LEITE;1294;64;128
18;CHOC BARRA NESTLE 80G AO LEITE;1294;64;128
2;CHOC BARRA NESTLE 80G CRUNCH;1297;64;128
3;CHOC BARRA NESTLE 80G CRUNCH;1297;64;128
4;CHOC BARRA NESTLE 80G CRUNCH;1297;64;128
5;CHOC BARRA NESTLE 80G CRUNCH;1297;64;128
6;CHOC BARRA NESTLE 80G CRUNCH;1297;64;128
11;CHOC BARRA NESTLE 80G CRUNCH;1297;64;128
12;CHOC BARRA NESTLE 80G CRUNCH;1297;64;128
13;CHOC BARRA NESTLE 80G CRUNCH;1297;64;128
14;CHOC BARRA NESTLE 80G CRUNCH;1297;64;128
17;CHOC BARRA NESTLE 80G CRUNCH;1297;64;128
18;CHOC BARRA NESTLE 80G CRUNCH;1297;64;128
2;CHOC BARRA NESTLE 80G DIPLOMATA;1295;64;128
3;CHOC BARRA NESTLE 80G DIPLOMATA;1295;64;128
6;CHOC BARRA NESTLE 80G DIPLOMATA;1295;64;128
7;CHOC BARRA NESTLE 80G DIPLOMATA;1295;64;128
11;CHOC BARRA NESTLE 80G DIPLOMATA;1295;64;128
12;CHOC BARRA NESTLE 80G DIPLOMATA;1295;64;128
13;CHOC BARRA NESTLE 80G DIPLOMATA;1295;64;128
14;CHOC BARRA NESTLE 80G DIPLOMATA;1295;64;128
17;CHOC BARRA NESTLE 80G DIPLOMATA;1295;64;128
18;CHOC BARRA NESTLE 80G DIPLOMATA;1295;64;128
2;CHOC BARRA NESTLE 80G MEIO AMARGO;1292;64;128
3;CHOC BARRA NESTLE 80G MEIO AMARGO;1292;128;192
4;CHOC BARRA NESTLE 80G MEIO AMARGO;1292;64;128
5;CHOC BARRA NESTLE 80G MEIO AMARGO;1292;64;128
6;CHOC BARRA NESTLE 80G MEIO AMARGO;1292;64;128
7;CHOC BARRA NESTLE 80G MEIO AMARGO;1292;64;128
8;CHOC BARRA NESTLE 80G MEIO AMARGO;1292;64;128
11;CHOC BARRA NESTLE 80G MEIO AMARGO;1292;64;128
12;CHOC BARRA NESTLE 80G MEIO AMARGO;1292;64;128
13;CHOC BARRA NESTLE 80G MEIO AMARGO;1292;64;128
14;CHOC BARRA NESTLE 80G MEIO AMARGO;1292;64;128
17;CHOC BARRA NESTLE 80G MEIO AMARGO;1292;64;128
18;CHOC BARRA NESTLE 80G MEIO AMARGO;1292;64;128
2;CHOC BARRA NEUGEBAUER 80G AMENDOIM;1241;64;128
6;CHOC BARRA NEUGEBAUER 80G AMENDOIM;1241;64;128
11;CHOC BARRA NEUGEBAUER 80G AMENDOIM;1241;64;128
12;CHOC BARRA NEUGEBAUER 80G AMENDOIM;1241;64;128
13;CHOC BARRA NEUGEBAUER 80G AMENDOIM;1241;64;128
17;CHOC BARRA NEUGEBAUER 80G AMENDOIM;1241;64;128
18;CHOC BARRA NEUGEBAUER 80G AMENDOIM;1241;64;128
2;CHOC BARRA NEUGEBAUER 80G AO LEITE;1247;64;128
4;CHOC BARRA NEUGEBAUER 80G AO LEITE;1247;64;128
5;CHOC BARRA NEUGEBAUER 80G AO LEITE;1247;64;128
6;CHOC BARRA NEUGEBAUER 80G AO LEITE;1247;64;128
7;CHOC BARRA NEUGEBAUER 80G AO LEITE;1247;64;128
8;CHOC BARRA NEUGEBAUER 80G AO LEITE;1247;64;128
11;CHOC BARRA NEUGEBAUER 80G AO LEITE;1247;64;128
12;CHOC BARRA NEUGEBAUER 80G AO LEITE;1247;64;128
13;CHOC BARRA NEUGEBAUER 80G AO LEITE;1247;64;128
14;CHOC BARRA NEUGEBAUER 80G AO LEITE;1247;64;128
17;CHOC BARRA NEUGEBAUER 80G AO LEITE;1247;64;128
3;CHOC BATON GAROTO 16G AO LEITE;1353;30;60
6;CHOC BATON GAROTO 16G AO LEITE;1353;60;90
17;CHOC BATON GAROTO 16G AO LEITE;1353;60;90
2;CHOC KIT KAT 41 5G FINGER AO LEITE;1430;96;192
3;CHOC KIT KAT 41 5G FINGER AO LEITE;1430;96;192
4;CHOC KIT KAT 41 5G FINGER AO LEITE;1430;96;192
5;CHOC KIT KAT 41 5G FINGER AO LEITE;1430;96;192
6;CHOC KIT KAT 41 5G FINGER AO LEITE;1430;96;192
17;CHOC KIT KAT 41 5G FINGER AO LEITE;1430;96;192
2;COT HASTES FLEX COTTONBABY C 75;19312;72;144
4;COT HASTES FLEX COTTONBABY C 75;19312;72;144
5;COT HASTES FLEX COTTONBABY C 75;19312;72;144
6;COT HASTES FLEX COTTONBABY C 75;19312;72;144
7;COT HASTES FLEX COTTONBABY C 75;19312;72;144
11;COT HASTES FLEX COTTONBABY C 75;19312;72;144
12;COT HASTES FLEX COTTONBABY C 75;19312;72;144
13;COT HASTES FLEX COTTONBABY C 75;19312;72;144
14;COT HASTES FLEX COTTONBABY C 75;19312;72;144
18;COT HASTES FLEX COTTONBABY C 75;19312;72;144
4;CR DEN COLGATE 180G TRI ACAO MENTA;5197;72;144
6;CR DEN COLGATE 180G TRI ACAO MENTA;5197;72;144
7;CR DEN COLGATE 180G TRI ACAO MENTA;5197;72;144
11;CR DEN COLGATE 180G TRI ACAO MENTA;5197;72;144
12;CR DEN COLGATE 180G TRI ACAO MENTA;5197;72;144
14;CR DEN COLGATE 180G TRI ACAO MENTA;5197;216;288
2;CR DEN COLGATE 90G MPA;5220;144;288
4;CR DEN COLGATE 90G MPA;5220;144;288
5;CR DEN COLGATE 90G MPA;5220;144;288
6;CR DEN COLGATE 90G MPA;5220;144;288
7;CR DEN COLGATE 90G MPA;5220;144;288
14;CR DEN COLGATE 90G MPA;5220;720;1008
18;CR DEN COLGATE 90G MPA;5220;144;288
8;CR DEN COLGATE 90G NAT EXT CARVAO;5217;48;96
14;CR DEN COLGATE 90G NAT EXT CARVAO;5217;48;96
18;CR DEN COLGATE 90G NAT EXT CARVAO;5217;48;96
2;CR DEN COLGATE L180 P140 TRI MENTA;5229;72;144
3;CR DEN COLGATE L180 P140 TRI MENTA;5229;72;144
4;CR DEN COLGATE L180 P140 TRI MENTA;5229;72;144
6;CR DEN COLGATE L180 P140 TRI MENTA;5229;72;144
8;CR DEN COLGATE L180 P140 TRI MENTA;5229;72;144
13;CR DEN COLGATE L180 P140 TRI MENTA;5229;72;144
14;CR DEN COLGATE L180 P140 TRI MENTA;5229;72;144
17;CR DEN COLGATE L180 P140 TRI MENTA;5229;72;144
18;CR DEN COLGATE L180 P140 TRI MENTA;5229;72;144
3;CR DEN COLGATE LUMIN WHITE 70G BRILLIANT MINT;5204;48;96
13;CR DEN COLGATE LUMIN WHITE 70G BRILLIANT MINT;5204;48;96
14;CR DEN COLGATE LUMIN WHITE 70G BRILLIANT MINT;5204;48;96
17;CR DEN COLGATE LUMIN WHITE 70G BRILLIANT MINT;5204;48;96
3;CR DEN COLGATE LUMIN WHITE 70G CARVAO ATIVADO;5206;48;96
13;CR DEN COLGATE LUMIN WHITE 70G CARVAO ATIVADO;5206;48;96
2;CR DEN COLGATE MPA 180G;5196;72;144
3;CR DEN COLGATE MPA 180G;5196;72;144
6;CR DEN COLGATE MPA 180G;5196;72;144
7;CR DEN COLGATE MPA 180G;5196;72;144
14;CR DEN COLGATE MPA 180G;5196;504;720
18;CR DEN COLGATE MPA 180G;5196;72;144
2;CR DEN COLGATE T ACAO XTRA 120G WHITE;16844;72;144
3;CR DEN COLGATE T ACAO XTRA 120G WHITE;16844;72;144
6;CR DEN COLGATE T ACAO XTRA 120G WHITE;16844;72;144
7;CR DEN COLGATE T ACAO XTRA 120G WHITE;16844;72;144
8;CR DEN COLGATE T ACAO XTRA 120G WHITE;16844;72;144
11;CR DEN COLGATE T ACAO XTRA 120G WHITE;16844;72;144
12;CR DEN COLGATE T ACAO XTRA 120G WHITE;16844;72;144
14;CR DEN COLGATE T ACAO XTRA 120G WHITE;16844;72;144
13;CR DEN COLGATE TT12 90G WHITENING;5223;48;96
17;CR DEN COLGATE TT12 90G WHITENING;5223;48;96
1;CR DEN SORRISO 120G TRIPLA LIMPEZA COMPLETA;16874;72;144
3;CR DEN SORRISO 120G TRIPLA LIMPEZA COMPLETA;16874;72;144
6;CR DEN SORRISO 120G TRIPLA LIMPEZA COMPLETA;16874;72;144
8;CR DEN SORRISO 120G TRIPLA LIMPEZA COMPLETA;16874;72;144
11;CR DEN SORRISO 120G TRIPLA LIMPEZA COMPLETA;16874;72;144
12;CR DEN SORRISO 120G TRIPLA LIMPEZA COMPLETA;16874;72;144
13;CR DEN SORRISO 120G TRIPLA LIMPEZA COMPLETA;16874;72;144
14;CR DEN SORRISO 120G TRIPLA LIMPEZA COMPLETA;16874;72;144
17;CR DEN SORRISO 120G TRIPLA LIMPEZA COMPLETA;16874;72;144
2;CR DENT CLOSE UP 70G PROT BIOATIVA;5249;72;144
3;CR DENT CLOSE UP 70G PROT BIOATIVA;5249;72;144
6;CR DENT CLOSE UP 70G PROT BIOATIVA;5249;72;144
11;CR DENT CLOSE UP 70G PROT BIOATIVA;5249;72;144
12;CR DENT CLOSE UP 70G PROT BIOATIVA;5249;72;144
13;CR DENT CLOSE UP 70G PROT BIOATIVA;5249;72;144
14;CR DENT CLOSE UP 70G PROT BIOATIVA;5249;72;144
18;CR DENT CLOSE UP 70G PROT BIOATIVA;5249;72;144
1;CR DENT CLOSE UP 70G TRIPLE HORTELA;5250;72;144
2;CR DENT CLOSE UP 70G TRIPLE HORTELA;5250;72;144
3;CR DENT CLOSE UP 70G TRIPLE HORTELA;5250;72;144
4;CR DENT CLOSE UP 70G TRIPLE HORTELA;5250;72;144
5;CR DENT CLOSE UP 70G TRIPLE HORTELA;5250;72;144
6;CR DENT CLOSE UP 70G TRIPLE HORTELA;5250;72;144
8;CR DENT CLOSE UP 70G TRIPLE HORTELA;5250;72;144
11;CR DENT CLOSE UP 70G TRIPLE HORTELA;5250;72;144
12;CR DENT CLOSE UP 70G TRIPLE HORTELA;5250;72;144
13;CR DENT CLOSE UP 70G TRIPLE HORTELA;5250;72;144
18;CR DENT CLOSE UP 70G TRIPLE HORTELA;5250;72;144
1;CR DENT CLOSE UP 70G TRIPLE MENTA AMER;5252;72;144
2;CR DENT CLOSE UP 70G TRIPLE MENTA AMER;5252;72;144
3;CR DENT CLOSE UP 70G TRIPLE MENTA AMER;5252;144;216
4;CR DENT CLOSE UP 70G TRIPLE MENTA AMER;5252;72;144
5;CR DENT CLOSE UP 70G TRIPLE MENTA AMER;5252;72;144
6;CR DENT CLOSE UP 70G TRIPLE MENTA AMER;5252;72;144
7;CR DENT CLOSE UP 70G TRIPLE MENTA AMER;5252;72;144
8;CR DENT CLOSE UP 70G TRIPLE MENTA AMER;5252;72;144
11;CR DENT CLOSE UP 70G TRIPLE MENTA AMER;5252;72;144
12;CR DENT CLOSE UP 70G TRIPLE MENTA AMER;5252;72;144
13;CR DENT CLOSE UP 70G TRIPLE MENTA AMER;5252;72;144
17;CR DENT CLOSE UP 70G TRIPLE MENTA AMER;5252;72;144
13;CR DENT COLGATE 180G CARVAO;16827;48;96
17;CR DENT COLGATE 180G CARVAO;16827;48;96
1;CR DENT COLGATE MPA 120G;16830;72;144
2;CR DENT COLGATE MPA 120G;16830;72;144
4;CR DENT COLGATE MPA 120G;16830;72;144
6;CR DENT COLGATE MPA 120G;16830;72;144
7;CR DENT COLGATE MPA 120G;16830;72;144
8;CR DENT COLGATE MPA 120G;16830;72;144
14;CR DENT COLGATE MPA 120G;16830;72;144
18;CR DENT COLGATE MPA 120G;16830;72;144
2;CR DENT COLGATE T ACAO 90G ORIG;5226;144;288
3;CR DENT COLGATE T ACAO 90G ORIG;5226;144;288
4;CR DENT COLGATE T ACAO 90G ORIG;5226;144;288
6;CR DENT COLGATE T ACAO 90G ORIG;5226;144;288
7;CR DENT COLGATE T ACAO 90G ORIG;5226;144;288
8;CR DENT COLGATE T ACAO 90G ORIG;5226;144;288
11;CR DENT COLGATE T ACAO 90G ORIG;5226;144;288
12;CR DENT COLGATE T ACAO 90G ORIG;5226;144;288
14;CR DENT COLGATE T ACAO 90G ORIG;5226;1152;1584
18;CR DENT COLGATE T ACAO 90G ORIG;5226;144;288
6;CR DENT SORRISO 120G DENTES BCOS;16870;72;144
8;CR DENT SORRISO 120G DENTES BCOS;16870;72;144
11;CR DENT SORRISO 120G DENTES BCOS;16870;72;144
17;CR DENT SORRISO 120G DENTES BCOS;16870;72;144
13;DESINF APYCE 2L JASMIM;17156;18;24
14;DESINF APYCE 2L JASMIM;17156;18;24
3;DESO AERO AXE 200ML APO VET E MANDA;33374;36;48
7;DESO AERO AXE 200ML APO VET E MANDA;33374;24;36
18;DESO AERO AXE 200ML APO VET E MANDA;33374;24;36
3;DESOD AERO ABOVE 250ML MAXX CANDY PROM;17242;24;36
17;DESOD AERO ABOVE 250ML MAXX CANDY PROM;17242;24;36
6;DESOD AERO AXE 152ML 90G MARINE;5509;24;36
11;DESOD AERO AXE 152ML 90G MARINE;5509;24;36
3;DESOD SANIT GOTA LIMPA 25G EUCALIPTO;9983;48;96
4;DESOD SANIT GOTA LIMPA 25G EUCALIPTO;9983;48;96
6;DESOD SANIT GOTA LIMPA 25G EUCALIPTO;9983;48;96
11;DESOD SANIT GOTA LIMPA 25G EUCALIPTO;9983;48;96
12;DESOD SANIT GOTA LIMPA 25G EUCALIPTO;9983;48;96
13;DESOD SANIT GOTA LIMPA 25G EUCALIPTO;9983;48;96
17;DESOD SANIT GOTA LIMPA 25G EUCALIPTO;9983;48;96
4;DESOD SANIT GOTA LIMPA 25G FLORAL;9984;48;96
12;DESOD SANIT GOTA LIMPA 25G FLORAL;9984;48;96
8;DESOD SANIT GOTA LIMPA 25G LAVANDA;9985;48;96
12;DESOD SANIT GOTA LIMPA 25G LAVANDA;9985;48;96
17;DESOD SANIT GOTA LIMPA 25G LAVANDA;9985;48;96
3;DET LIQ GIRANDO SOL 500ML HIPOAL;34975;24;48
4;DET LIQ GIRANDO SOL 500ML HIPOAL;34975;24;48
7;DET LIQ GIRANDO SOL 500ML HIPOAL;34975;24;48
11;DET LIQ GIRANDO SOL 500ML HIPOAL;34975;24;48
18;DET LIQ GIRANDO SOL 500ML HIPOAL;34975;24;48
1;DET LIQ GOTA LIMPA 500ML MACA;5680;48;72
4;DET LIQ GOTA LIMPA 500ML MACA;5680;72;96
18;DET LIQ GOTA LIMPA 500ML MACA;5680;72;96
2;DET LIQ GOTA LIMPA 500ML MARINE;5681;72;96
4;DET LIQ GOTA LIMPA 500ML MARINE;5681;48;72
5;DET LIQ GOTA LIMPA 500ML MARINE;5681;48;72
2;DET PO APYCE MULT SH 800G ROSA;35126;25;50
3;DET PO APYCE MULT SH 800G ROSA;35126;25;50
6;DET PO APYCE MULT SH 800G ROSA;35126;25;50
13;DET PO APYCE MULT SH 800G ROSA;35126;25;50
17;DET PO APYCE MULT SH 800G ROSA;35126;25;50
2;DET PO GIRANDO SOL SH 800G COCO BAUN;33941;25;50
3;DET PO GIRANDO SOL SH 800G COCO BAUN;33941;25;50
13;DET PO GIRANDO SOL SH 800G COCO BAUN;33941;25;50
18;DET PO GIRANDO SOL SH 800G COCO BAUN;33941;25;50
3;DET PO TIXAN YPE CT 400PRIMAVERA;17420;28;56
6;DET PO TIXAN YPE CT 400PRIMAVERA;17420;28;56
18;DET PO TIXAN YPE CT 400PRIMAVERA;17420;28;56
3;DET PO TIXAN YPE MACIEZ CT 400G;17422;28;56
6;DET PO TIXAN YPE MACIEZ CT 400G;17422;28;56
12;DET PO TIXAN YPE MACIEZ CT 400G;17422;28;56
6;DETERG GIRANDO SOL 500ML NATURAL;5675;24;48
11;DETERG GIRANDO SOL 500ML NATURAL;5675;48;72
17;DETERG GIRANDO SOL 500ML NATURAL;5675;48;72
11;DETERG GIRANDO SOL 500ML NEUTRO;5676;24;48
12;DETERG GIRANDO SOL 500ML NEUTRO;5676;48;72
12;DETERG YPE 500 ML CLEAR;5691;96;144
13;DETERG YPE 500 ML CLEAR;5691;72;96
1;DETERG YPE 500ML MACA;5696;24;48
3;DETERG YPE 500ML MACA;5696;72;96
4;DETERG YPE 500ML MACA;5696;48;72
6;DETERG YPE 500ML MACA;5696;48;72
11;DETERG YPE 500ML MACA;5696;96;144
12;DETERG YPE 500ML MACA;5696;96;144
13;DETERG YPE 500ML MACA;5696;48;72
17;DETERG YPE 500ML MACA;5696;48;72
18;DETERG YPE 500ML MACA;5696;72;96
13;ERVA MATE ALVORADA 1KG;2599;30;45
17;ERVA MATE ALVORADA 1KG;2599;90;120
13;ERVA MATE ALVORADA 500G;2479;20;40
17;ERVA MATE ALVORADA 500G;2479;80;120
13;ERVA MATE BATURITE 1KG;2626;60;80
17;ERVA MATE BATURITE 1KG;2626;120;160
13;ERVA MATE BATURITE 500G COMPOSTA;2554;40;60
17;ERVA MATE BATURITE 500G COMPOSTA;2554;40;60
13;ERVA MATE BATURITE 500G TRAD;2513;30;60
17;ERVA MATE BATURITE 500G TRAD;2513;60;90
11;ERVA MATE CRISTALINA 1KG SUAVE;2632;40;60
12;ERVA MATE CRISTALINA 1KG SUAVE;2632;40;60
11;ERVA MATE CRISTALINA 1KG TRAD;2635;20;40
12;ERVA MATE CRISTALINA 1KG TRAD;2635;20;40
2;ERVA MATE LEAO VACUO 1KG;37261;10;20
3;ERVA MATE LEAO VACUO 1KG;37261;30;40
6;ERVA MATE LEAO VACUO 1KG;37261;10;20
7;ERVA MATE LEAO VACUO 1KG;37261;10;20
11;ERVA MATE LEAO VACUO 1KG;37261;30;40
13;ERVA MATE LEAO VACUO 1KG;37261;20;30
6;ERVA MATE REI VERDE 1KG MOIDA GROSS;2602;20;30
11;ERVA MATE REI VERDE 1KG MOIDA GROSS;2602;20;30
3;ERVA MATE REI VERDE 1KG TRAD;2610;15;30
4;ERVA MATE REI VERDE 1KG TRAD;2610;15;30
6;ERVA MATE REI VERDE 1KG TRAD;2610;15;30
11;ERVA MATE REI VERDE 1KG VACUO;2650;20;30
12;ERVA MATE REI VERDE 1KG VACUO;2650;10;20
12;ERVA MATE SEIVA PURA 1KG NATIVA COM ACUCAR;2617;10;13
18;ERVA MATE SEIVA PURA 1KG NATIVA COM ACUCAR;2617;13;17
11;ERVA MATE SEIVA PURA 1KG NATIVA SEM ACUCAR;2616;83;108
12;ERVA MATE SEIVA PURA 1KG NATIVA SEM ACUCAR;2616;90;117
18;ERVA MATE SEIVA PURA 1KG NATIVA SEM ACUCAR;2616;135;176
11;ERVA MATE SEIVA PURA 1KG TRAD S ACUCAR;2623;66;86
18;ERVA MATE SEIVA PURA 1KG TRAD S ACUCAR;2623;20;26
11;ERVA MATE SEIVA PURA 500G S ACUCAR;2545;20;40
18;ERVA MATE SEIVA PURA 500G S ACUCAR;2545;20;40
11;ERVA MATE TOMELERO TRAD 1KG;17697;80;120
12;ERVA MATE TOMELERO TRAD 1KG;17697;100;140
18;ERVA MATE TOMELERO TRAD 1KG;17697;40;60
2;ESFR SANI ALL ACO 2UN;9346;72;144
3;ESFR SANI ALL ACO 2UN;9346;72;144
6;ESFR SANI ALL ACO 2UN;9346;72;144
8;ESFR SANI ALL ACO 2UN;9346;72;144
11;ESFR SANI ALL ACO 2UN;9346;72;144
13;ESFR SANI ALL ACO 2UN;9346;72;144
14;ESFR SANI ALL ACO 2UN;9346;72;144
17;ESFR SANI ALL ACO 2UN;9346;72;144
18;ESFR SANI ALL ACO 2UN;9346;72;144
2;ESFREGAO ACO DIVINOX 10G;5877;50;100
3;ESFREGAO ACO DIVINOX 10G;5877;50;100
11;ESFREGAO ACO DIVINOX 10G;5877;50;100
13;ESFREGAO ACO DIVINOX 10G;5877;50;100
2;ESP ACO ASSOLAN C 08;18174;200;400
3;ESP ACO ASSOLAN C 08;18174;200;400
4;ESP ACO ASSOLAN C 08;18174;200;400
5;ESP ACO ASSOLAN C 08;18174;200;400
6;ESP ACO ASSOLAN C 08;18174;200;400
8;ESP ACO ASSOLAN C 08;18174;200;400
11;ESP ACO ASSOLAN C 08;18174;200;400
12;ESP ACO ASSOLAN C 08;18174;200;400
13;ESP ACO ASSOLAN C 08;18174;200;400
17;ESP ACO ASSOLAN C 08;18174;200;400
18;ESP ACO ASSOLAN C 08;18174;200;400
4;ESPIRAL PIRISA C 10;18279;60;120
5;ESPIRAL PIRISA C 10;18279;60;120
6;ESPIRAL PIRISA C 10;18279;60;120
8;ESPIRAL PIRISA C 10;18279;60;120
14;ESPIRAL PIRISA C 10;18279;60;120
18;ESPIRAL PIRISA C 10;18279;60;120
1;ESPONJA ACO BOMBRIL 6UN;36208;200;400
2;ESPONJA ACO BOMBRIL 6UN;36208;200;400
3;ESPONJA ACO BOMBRIL 6UN;36208;200;400
4;ESPONJA ACO BOMBRIL 6UN;36208;200;400
5;ESPONJA ACO BOMBRIL 6UN;36208;200;400
6;ESPONJA ACO BOMBRIL 6UN;36208;200;400
7;ESPONJA ACO BOMBRIL 6UN;36208;200;400
8;ESPONJA ACO BOMBRIL 6UN;36208;200;400
11;ESPONJA ACO BOMBRIL 6UN;36208;200;400
12;ESPONJA ACO BOMBRIL 6UN;36208;200;400
13;ESPONJA ACO BOMBRIL 6UN;36208;200;400
14;ESPONJA ACO BOMBRIL 6UN;36208;200;400
17;ESPONJA ACO BOMBRIL 6UN;36208;200;400
18;ESPONJA ACO BOMBRIL 6UN;36208;200;400
17;ESPONJA ALKLIN DUPLA FACE C4;34916;140;280
18;ESPONJA ALKLIN DUPLA FACE C4;34916;140;280
11;ESPONJA CONDOR MULTIUSO 4UN;6008;60;120
12;ESPONJA CONDOR MULTIUSO 4UN;6008;60;120
17;ESPONJA CONDOR MULTIUSO 4UN;6008;60;120
2;EXTRATO TOM FUGINI SH 190G;3835;36;72
6;EXTRATO TOM FUGINI SH 190G;3835;36;72
11;EXTRATO TOM FUGINI SH 190G;3835;36;72
12;EXTRATO TOM FUGINI SH 190G;3835;36;72
13;EXTRATO TOM FUGINI SH 190G;3835;36;72
11;FARINHA MILHO SAUDAVEL 1KG GROSSA;2689;30;60
18;FARINHA MILHO SAUDAVEL 1KG GROSSA;2689;30;60
3;FARINHA MILHO SAUDAVEL 1KG MEDIA;2688;60;90
7;FARINHA MILHO SAUDAVEL 1KG MEDIA;2688;30;60
8;FARINHA MILHO SAUDAVEL 1KG MEDIA;2688;30;60
13;FARINHA MILHO SAUDAVEL 1KG MEDIA;2688;30;60
14;FARINHA MILHO SAUDAVEL 1KG MEDIA;2688;30;60
5;FARINHA TRIGO ROSESOL 1KG;2737;130;170
7;FARINHA TRIGO ROSESOL 1KG;2737;110;150
11;FARINHA TRIGO ROSESOL 1KG;2737;230;300
1;FEIJAO PRETO ARBAZA TP1 1KG;2348;30;60
3;FEIJAO PRETO ARBAZA TP1 1KG;2348;210;300
2;FERM PO QUIMICO GOOD INSTANT 100G;18479;72;144
7;FERM PO QUIMICO GOOD INSTANT 100G;18479;72;144
11;FERM PO QUIMICO GOOD INSTANT 100G;18479;72;144
12;FERM PO QUIMICO GOOD INSTANT 100G;18479;72;144
13;FERM PO QUIMICO GOOD INSTANT 100G;18479;72;144
5;FERM QUIMICO PO ROYAL PT 100G;3531;72;144
6;FERM QUIMICO PO ROYAL PT 100G;3531;72;144
11;FERM QUIMICO PO ROYAL PT 100G;3531;72;144
3;FERMENTO BIOL PO NORDESTE SH 10G;36711;60;90
4;FERMENTO BIOL PO NORDESTE SH 10G;36711;30;60
12;FERMENTO BIOL PO NORDESTE SH 10G;36711;30;60
14;FERMENTO BIOL PO NORDESTE SH 10G;36711;30;60
13;FLOCOS ARROZ STO ANTONIO 100G CARAMELIZADO;1942;24;48
17;FLOCOS ARROZ STO ANTONIO 100G CARAMELIZADO;1942;24;48
12;GEL DENT SORRISO FRESH 90G HORTELA;6225;24;36
17;GEL DENT SORRISO FRESH 90G HORTELA;6225;24;36
3;GEL DENT SORRISO FRESH 90G XTRA MINT;6228;24;36
7;GEL DENT SORRISO FRESH 90G XTRA MINT;6228;24;36
12;GEL DENT SORRISO FRESH 90G XTRA MINT;6228;24;36
5;GEL DENTAL CLOSE UP 90G ORIG RED HOT;6234;72;144
6;GEL DENTAL CLOSE UP 90G ORIG RED HOT;6234;72;144
11;GEL DENTAL CLOSE UP 90G ORIG RED HOT;6234;72;144
13;GEL DENTAL CLOSE UP 90G ORIG RED HOT;6234;72;144
14;GEL DENTAL CLOSE UP 90G ORIG RED HOT;6234;72;144
17;GEL DENTAL CLOSE UP 90G ORIG RED HOT;6234;72;144
2;GUARD ASTORIA CHEF 22X22;19257;100;200
3;GUARD ASTORIA CHEF 22X22;19257;100;200
4;GUARD ASTORIA CHEF 22X22;19257;100;200
8;GUARD ASTORIA CHEF 22X22;19257;100;200
11;GUARD ASTORIA CHEF 22X22;19257;100;200
13;GUARD ASTORIA CHEF 22X22;19257;100;200
14;GUARD ASTORIA CHEF 22X22;19257;100;200
17;GUARD ASTORIA CHEF 22X22;19257;100;200
18;GUARD ASTORIA CHEF 22X22;19257;100;200
2;GUARD ASTORIA CHEF 30X30;19258;60;120
3;GUARD ASTORIA CHEF 30X30;19258;60;120
4;GUARD ASTORIA CHEF 30X30;19258;60;120
12;GUARD ASTORIA CHEF 30X30;19258;60;120
14;GUARD ASTORIA CHEF 30X30;19258;60;120
17;GUARD ASTORIA CHEF 30X30;19258;60;120
1;GUARD NATUPEL PREMIUM 20X20 50FLS;19271;160;320
4;GUARD NATUPEL PREMIUM 20X20 50FLS;19271;160;320
5;GUARD NATUPEL PREMIUM 20X20 50FLS;19271;160;320
6;GUARD NATUPEL PREMIUM 20X20 50FLS;19271;160;320
7;GUARD NATUPEL PREMIUM 20X20 50FLS;19271;160;320
8;GUARD NATUPEL PREMIUM 20X20 50FLS;19271;160;320
13;GUARD NATUPEL PREMIUM 20X20 50FLS;19271;160;320
14;GUARD NATUPEL PREMIUM 20X20 50FLS;19271;160;320
4;GUARDANAPO PAPEL MILI 21X22CM;9585;72;144
5;GUARDANAPO PAPEL MILI 21X22CM;9585;72;144
7;GUARDANAPO PAPEL MILI 21X22CM;9585;72;144
11;GUARDANAPO PAPEL MILI 21X22CM;9585;72;144
18;GUARDANAPO PAPEL MILI 21X22CM;9585;72;144
6;KETCHUP FUGINI SH 180G;34840;36;72
7;KETCHUP FUGINI SH 180G;34840;36;72
13;KETCHUP FUGINI SH 180G;34840;36;72
17;KETCHUP FUGINI SH 180G;34840;36;72
2;KETCHUP HEINZ 743G TRAD;37036;12;24
3;KETCHUP HEINZ 743G TRAD;37036;36;48
11;KETCHUP HEINZ 743G TRAD;37036;24;36
12;KETCHUP HEINZ 743G TRAD;37036;24;36
13;KETCHUP HEINZ 743G TRAD;37036;12;24
14;KETCHUP HEINZ 743G TRAD;37036;12;24
17;KETCHUP HEINZ 743G TRAD;37036;12;24
18;KETCHUP HEINZ 743G TRAD;37036;12;24
4;KETCHUP ODERICH BISN 200G PICANTE;2493;24;48
5;KETCHUP ODERICH BISN 200G PICANTE;2493;24;48
7;KETCHUP ODERICH BISN 200G PICANTE;2493;24;48
13;KETCHUP ODERICH BISN 200G PICANTE;2493;24;48
2;LEITE LV EDGE ELEGE 1L INTEGRAL;6781;972;1272
3;LEITE LV EDGE ELEGE 1L INTEGRAL;6781;2100;2736
4;LEITE LV EDGE ELEGE 1L INTEGRAL;6781;624;816
5;LEITE LV EDGE ELEGE 1L INTEGRAL;6781;828;1080
6;LEITE LV EDGE ELEGE 1L INTEGRAL;6781;1368;1788
7;LEITE LV EDGE ELEGE 1L INTEGRAL;6781;972;1272
11;LEITE LV EDGE ELEGE 1L INTEGRAL;6781;2484;3240
12;LEITE LV EDGE ELEGE 1L INTEGRAL;6781;1668;2172
13;LEITE LV EDGE ELEGE 1L INTEGRAL;6781;1008;1320
17;LEITE LV EDGE ELEGE 1L INTEGRAL;6781;924;1212
18;LEITE LV EDGE ELEGE 1L INTEGRAL;6781;1308;1704
11;LEITE PO STA CLARA SH 360G INTEGRAL;31358;28;56
17;LEITE PO STA CLARA SH 360G INTEGRAL;31358;28;56
18;LEITE PO STA CLARA SH 360G INTEGRAL;31358;28;56
6;LENTILHA YOKI TP2 400G;2382;96;128
7;LENTILHA YOKI TP2 400G;2382;96;128
11;LENTILHA YOKI TP2 400G;2382;128;176
2;MAC INST NISSIN 85G BACON;20341;50;100
3;MAC INST NISSIN 85G BACON;20341;50;100
6;MAC INST NISSIN 85G BACON;20341;50;100
11;MAC INST NISSIN 85G BACON;20341;50;100
12;MAC INST NISSIN 85G BACON;20341;50;100
13;MAC INST NISSIN 85G BACON;20341;50;100
14;MAC INST NISSIN 85G BACON;20341;50;100
3;MAC INST NISSIN 85G CARNE TOMATE;20344;50;100
17;MAC INST NISSIN 85G CARNE TOMATE;20344;50;100
3;MAC INST NISSIN 85G LEGUMES;20353;50;100
13;MAC INST NISSIN 85G LEGUMES;20353;50;100
17;MAC INST NISSIN 85G LEGUMES;20353;50;100
4;MAC INST NISSIN 85G PIC CALABRESA;33449;50;100
11;MAC INST NISSIN 85G PIC CALABRESA;33449;50;100
13;MAC INST NISSIN 85G PIC CALABRESA;33449;50;100
2;MAC INST NISSIN 85G PICANHA;20357;50;100
4;MAC INST NISSIN 85G PICANHA;20357;50;100
12;MAC INST NISSIN 85G PICANHA;20357;50;100
14;MAC INST NISSIN 85G PICANHA;20357;50;100
18;MAC INST NISSIN 85G PICANHA;20357;50;100
2;MAC INST NISSIN MONICA 85G CARNE;20354;50;100
4;MAC INST NISSIN MONICA 85G CARNE;20354;50;100
6;MAC INST NISSIN MONICA 85G CARNE;20354;50;100
7;MAC INST NISSIN MONICA 85G CARNE;20354;50;100
11;MAC INST NISSIN MONICA 85G CARNE;20354;50;100
12;MAC INST NISSIN MONICA 85G CARNE;20354;50;100
13;MAC INST NISSIN MONICA 85G CARNE;20354;50;100
14;MAC INST NISSIN MONICA 85G CARNE;20354;50;100
2;MAC INST NISSIN MONICA 85G GALINHA;20355;50;100
5;MAC INST NISSIN MONICA 85G GALINHA;20355;50;100
7;MAC INST NISSIN MONICA 85G GALINHA;20355;50;100
8;MAC INST NISSIN MONICA 85G GALINHA;20355;50;100
14;MAC INST NISSIN MONICA 85G GALINHA;20355;50;100
17;MAC INST NISSIN MONICA 85G GALINHA;20355;50;100
4;MACARRAO CUP NOODLES 70G YAKISSOBA;2735;24;48
17;MACARRAO CUP NOODLES 70G YAKISSOBA;2735;24;48
14;MACARRAO CUP NOODLES 72G BOLONHESA;2731;24;48
17;MACARRAO CUP NOODLES 72G BOLONHESA;2731;24;48
4;MACARRAO INST NISSIN 85G CAR PICANTE;33693;50;100
17;MACARRAO INST NISSIN 85G CAR PICANTE;33693;50;100
3;MAIONESE ODERICH SH 200G LIGHT;2754;24;48
6;MAIONESE ODERICH SH 200G LIGHT;2754;24;48
3;MANY STO ANTONIO 150G CROCANTE;1904;30;60
12;MANY STO ANTONIO 150G CROCANTE;1904;30;60
13;MANY STO ANTONIO 150G CROCANTE;1904;30;60
3;MARIOLA STO ANTONIO 380G;1821;48;72
12;MARIOLA STO ANTONIO 380G;1821;24;48
13;MARIOLA STO ANTONIO 380G;1821;24;48
17;MARIOLA STO ANTONIO 380G;1821;72;96
13;MARIOLA STO ANTONIO 750G PRAINHA;1823;12;24
17;MARIOLA STO ANTONIO 750G PRAINHA;1823;12;24
13;MAROLA STO ANTONIO 760G;1815;24;36
17;MAROLA STO ANTONIO 760G;1815;36;48
4;MAS CAS PASTAMIA C OVOS 400G TALHARIM;20602;24;48
12;MAS CAS PASTAMIA C OVOS 400G TALHARIM;20602;48;72
13;MAS CAS PASTAMIA C OVOS 400G TALHARIM;20602;24;48
18;MAS CAS PASTAMIA C OVOS 400G TALHARIM;20602;24;48
3;MAS CASEIRA KLAIN N2 BAND 400G;20583;8;11
11;MAS CASEIRA KLAIN N2 BAND 400G;20583;9;12
14;MAS CASEIRA KLAIN N2 BAND 400G;20583;10;13
17;MAS CASEIRA KLAIN N2 BAND 400G;20583;30;39
18;MAS CASEIRA KLAIN N2 BAND 400G;20583;9;12
11;MAS CASEIRA KLAIN N4 BAND 400G;20585;12;16
12;MAS CASEIRA KLAIN N4 BAND 400G;20585;11;15
17;MAS CASEIRA KLAIN N4 BAND 400G;20585;33;43
2;MAS ESPAPARATI SEMOLA 400G;20616;25;50
11;MAS ESPAPARATI SEMOLA 400G;20616;25;50
3;MELHORADOR FLEISCHMANN SH 10G PAO CERTO;3542;32;64
11;MELHORADOR FLEISCHMANN SH 10G PAO CERTO;3542;32;64
13;MELHORADOR FLEISCHMANN SH 10G PAO CERTO;3542;32;64
17;MELHORADOR FLEISCHMANN SH 10G PAO CERTO;3542;32;64
18;MELHORADOR FLEISCHMANN SH 10G PAO CERTO;3542;32;64
2;MIST P BOLO APTI 400G CHOC;3704;60;84
5;MIST P BOLO APTI 400G CHOC;3704;36;48
7;MIST P BOLO APTI 400G CHOC;3704;36;48
8;MIST P BOLO APTI 400G CHOC;3704;36;48
2;MOLHO TOM CAJAMAR SH 300G TRAD;2568;384;512
3;MOLHO TOM CAJAMAR SH 300G TRAD;2568;416;544
4;MOLHO TOM CAJAMAR SH 300G TRAD;2568;96;128
5;MOLHO TOM CAJAMAR SH 300G TRAD;2568;224;320
6;MOLHO TOM CAJAMAR SH 300G TRAD;2568;416;544
7;MOLHO TOM CAJAMAR SH 300G TRAD;2568;224;320
11;MOLHO TOM CAJAMAR SH 300G TRAD;2568;224;320
12;MOLHO TOM CAJAMAR SH 300G TRAD;2568;384;512
13;MOLHO TOM CAJAMAR SH 300G TRAD;2568;288;384
2;MOLHO TOM FUGINI SH 300G MANJERICAO;2591;36;72
3;MOLHO TOM FUGINI SH 300G MANJERICAO;2591;36;72
6;MOLHO TOM FUGINI SH 300G MANJERICAO;2591;36;72
17;MOLHO TOM FUGINI SH 300G MANJERICAO;2591;36;72
11;MOLHO TOM FUGINI SH 300G PIZZA;2584;36;72
13;MOLHO TOM FUGINI SH 300G PIZZA;2584;36;72
3;MOLHO TOM POMAROLA SH 300G TRAD;2596;24;48
11;MOLHO TOM POMAROLA SH 300G TRAD;2596;24;48
11;MOLHO TOMATE HEINZ 240G C PEDACOS;33468;32;64
12;MOLHO TOMATE HEINZ 240G C PEDACOS;33468;32;64
14;MOLHO TOMATE HEINZ 240G C PEDACOS;33468;32;64
17;MOLHO TOMATE HEINZ 240G C PEDACOS;33468;32;64
2;MOSTARDA FUGINI BICO 180G;3089;32;64
6;MOSTARDA FUGINI BICO 180G;3089;32;64
11;MOSTARDA FUGINI BICO 180G;3089;32;64
18;MOSTARDA FUGINI BICO 180G;3089;32;64
3;NAFTALINA SANI-ALL 40G;7207;72;144
4;NAFTALINA SANI-ALL 40G;7207;72;144
6;NAFTALINA SANI-ALL 40G;7207;72;144
7;NAFTALINA SANI-ALL 40G;7207;72;144
13;NAFTALINA SANI-ALL 40G;7207;72;144
17;NAFTALINA SANI-ALL 40G;7207;72;144
18;NAFTALINA SANI-ALL 40G;7207;72;144
2;OLEO IPIRANGA F1 MASTER PERF 15W40 1L;21379;24;48
3;OLEO IPIRANGA F1 MASTER PERF 15W40 1L;21379;24;48
7;OLEO SOJA VITALIV PET 900ML;986;340;460
11;OLEO SOJA VITALIV PET 900ML;986;880;1160
17;OLEO SOJA VITALIV PET 900ML;986;640;840
3;PACOCA ROLHA STO ANTONIO PT 510G;1972;12;18
11;PACOCA ROLHA STO ANTONIO PT 510G;1972;12;18
12;PACOCA ROLHA STO ANTONIO PT 510G;1972;24;36
13;PACOCA ROLHA STO ANTONIO PT 510G;1972;12;18
18;PACOCA ROLHA STO ANTONIO PT 510G;1972;18;24
3;PACOCA ROLHA STO ANTONIO PT 750G;1976;12;18
13;PACOCA ROLHA STO ANTONIO PT 750G;1976;12;18
3;PANO PANOSUL MICROFIBRA 35X35CM SORTIDO;7279;120;240
12;PANO PANOSUL MICROFIBRA 35X35CM SORTIDO;7279;120;240
13;PANO PANOSUL MICROFIBRA 35X35CM SORTIDO;7279;120;240
2;PAPEL HIG MILI NEUTRO FLA DPL 30M 4UN;21684;72;96
6;PAPEL HIG MILI NEUTRO FLA DPL 30M 4UN;21684;48;72
1;PAPEL HIG NATUPEL FD 20M C 12;21691;18;24
2;PAPEL HIG NATUPEL FD 20M C 12;21691;18;24
2;PAPEL HIG NATUPEL PREM FS 30M C 4;21692;80;112
3;PAPEL HIG NATUPEL PREM FS 30M C 4;21692;96;128
17;PAPEL HIG NATUPEL PREM FS 30M C 4;21692;64;96
4;PAPEL HIG NESS FD 20M 12UN;21694;18;24
6;PAPEL HIG NESS FD 20M 12UN;21694;18;24
7;PAPEL HIG NESS FD 20M 12UN;21694;18;24
11;PAPEL HIG NESS FD 20M 12UN;21694;18;24
14;PAPEL HIG NESS FD 20M 12UN;21694;18;24
5;PAPEL HIG SIRIUS PREMIER FD 20M C12;33968;52;68
6;PAPEL HIG SIRIUS PREMIER FD 20M C12;33968;56;76
11;PAPEL HIG SIRIUS PREMIER FD 20M C12;33968;44;60
2;PAPEL HIG SULINO NEUTRO FS FD 4UN DE 60M;21702;32;48
6;PAPEL HIG SULINO NEUTRO FS FD 4UN DE 60M;21702;32;48
3;PASTILHA MENTOS STICKS 37 5G FTAS;1881;16;32
14;PASTILHA MENTOS STICKS 37 5G FTAS;1881;16;32
3;PASTILHA MENTOS STICKS 37 5G MINT;1879;16;32
14;PASTILHA MENTOS STICKS 37 5G MINT;1879;16;32
17;PASTILHA MENTOS STICKS 37 5G MINT;1879;16;32
11;PEDRA PATO 25G 25% DESC LAVANDA;7414;48;96
12;PEDRA PATO 25G 25% DESC LAVANDA;7414;48;96
17;PEDRA PATO 25G 25% DESC LAVANDA;7414;48;96
3;PEDRA SANITARIA GLADE 25G 25% DESC LAVANDA;7416;48;96
4;PEDRA SANITARIA GLADE 25G 25% DESC LAVANDA;7416;48;96
1;PEDRA SANITARIA SANI-SOL 20G JASMIN;7425;144;288
4;PEDRA SANITARIA SANI-SOL 20G JASMIN;7425;144;288
5;PEDRA SANITARIA SANI-SOL 20G JASMIN;7425;144;288
6;PEDRA SANITARIA SANI-SOL 20G JASMIN;7425;144;288
7;PEDRA SANITARIA SANI-SOL 20G JASMIN;7425;144;288
11;PEDRA SANITARIA SANI-SOL 20G JASMIN;7425;144;288
12;PEDRA SANITARIA SANI-SOL 20G JASMIN;7425;144;288
13;PEDRA SANITARIA SANI-SOL 20G JASMIN;7425;144;288
3;PIPOCA DOCE STO ANTONIO 100G;1715;20;30
12;PIPOCA DOCE STO ANTONIO 100G;1715;10;20
17;PIPOCA DOCE STO ANTONIO 100G;1715;10;20
2;PREND ROUPA PARANA C 12;22308;50;100
3;PREND ROUPA PARANA C 12;22308;50;100
6;PREND ROUPA PARANA C 12;22308;50;100
8;PREND ROUPA PARANA C 12;22308;50;100
11;PREND ROUPA PARANA C 12;22308;50;100
13;PREND ROUPA PARANA C 12;22308;50;100
14;PREND ROUPA PARANA C 12;22308;50;100
17;PREND ROUPA PARANA C 12;22308;50;100
18;PREND ROUPA PARANA C 12;22308;50;100
5;PRENDEDOR ROUPA GABOARDI GIG12UN;7535;50;100
7;PRENDEDOR ROUPA GABOARDI GIG12UN;7535;50;100
2;QJO RAL KIFORMAGGIO TRAD 40G;22633;75;150
4;QJO RAL KIFORMAGGIO TRAD 40G;22633;75;150
5;QJO RAL KIFORMAGGIO TRAD 40G;22633;75;150
6;QJO RAL KIFORMAGGIO TRAD 40G;22633;75;150
7;QJO RAL KIFORMAGGIO TRAD 40G;22633;75;150
8;QJO RAL KIFORMAGGIO TRAD 40G;22633;75;150
12;QJO RAL KIFORMAGGIO TRAD 40G;22633;75;150
14;QJO RAL KIFORMAGGIO TRAD 40G;22633;75;150
17;QJO RAL KIFORMAGGIO TRAD 40G;22633;75;150
18;QJO RAL KIFORMAGGIO TRAD 40G;22633;75;150
2;QJO RAL SANTA CLARA 40G PARMESAO;22639;25;50
4;QJO RAL SANTA CLARA 40G PARMESAO;22639;25;50
4;QJO RALADO DA SERRA 40G;22630;75;150
5;QJO RALADO DA SERRA 40G;22630;75;150
6;QJO RALADO DA SERRA 40G;22630;75;150
7;QJO RALADO DA SERRA 40G;22630;75;150
8;QJO RALADO DA SERRA 40G;22630;75;150
11;QJO RALADO DA SERRA 40G;22630;75;150
14;QJO RALADO DA SERRA 40G;22630;75;150
17;QJO RALADO DA SERRA 40G;22630;75;150
6;RACAO PEDIGREE SH 100G AD CARNE 7 MAIS;4008;36;72
12;RACAO PEDIGREE SH 100G AD CARNE 7 MAIS;4008;36;72
12;RACAO PEDIGREE SH 100G CORDEIRO;4012;36;72
13;RACAO PEDIGREE SH 100G CORDEIRO;4012;36;72
14;RACAO PEDIGREE SH 100G CORDEIRO;4012;36;72
3;RACAO PEDIGREE SH 100G FGO MOLHO;4015;36;72
17;RACAO PEDIGREE SH 100G FGO MOLHO;4015;36;72
4;RACAO WHISKAS 85G ATUM ADULTO;4082;40;80
8;RACAO WHISKAS 85G ATUM ADULTO;4082;40;80
11;RACAO WHISKAS 85G ATUM ADULTO;4082;40;80
12;RACAO WHISKAS 85G ATUM ADULTO;4082;40;80
17;RACAO WHISKAS 85G ATUM ADULTO;4082;40;80
4;RACAO WHISKAS 85G CASTRADOS CARNE;4084;40;80
8;RACAO WHISKAS 85G CASTRADOS CARNE;4084;40;80
11;RACAO WHISKAS 85G CASTRADOS CARNE;4084;40;80
14;RACAO WHISKAS 85G CASTRADOS CARNE;4084;40;80
4;RACAO WHISKAS 85G CORDEIRO ADULTO;4085;40;80
8;RACAO WHISKAS 85G CORDEIRO ADULTO;4085;40;80
14;RACAO WHISKAS 85G CORDEIRO ADULTO;4085;40;80
4;RACAO WHISKAS 85G FGO ADULTO;4086;40;80
12;RACAO WHISKAS 85G FGO ADULTO;4086;40;80
13;RACAO WHISKAS 85G FGO ADULTO;4086;40;80
14;RACAO WHISKAS 85G FGO ADULTO;4086;40;80
17;RACAO WHISKAS 85G FGO ADULTO;4086;40;80
6;RACAO WHISKAS PF 85G CARNE FILHOTES;8823;36;72
13;RACAO WHISKAS PF 85G CARNE FILHOTES;8823;36;72
13;RAPAD STO ANTONIO 200G PE MOLEQUE;1939;30;60
17;RAPAD STO ANTONIO 200G PE MOLEQUE;1939;30;60
1;RATICIDA RATICID GRANULADO 25G;22794;480;960
4;RATICIDA RATICID GRANULADO 25G;22794;480;960
6;RATICIDA RATICID GRANULADO 25G;22794;480;960
8;RATICIDA RATICID GRANULADO 25G;22794;480;960
11;RATICIDA RATICID GRANULADO 25G;22794;480;960
12;RATICIDA RATICID GRANULADO 25G;22794;480;960
14;RATICIDA RATICID GRANULADO 25G;22794;480;960
18;RATICIDA RATICID GRANULADO 25G;22794;480;960
2;REFRE PO FRISCO 18G GOIABA;22838;180;360
12;REFRE PO FRISCO 18G GOIABA;22838;180;360
14;REFRE PO FRISCO 18G GOIABA;22838;180;360
2;REFRE PO TANG 18G AZUL;33496;180;360
3;REFRE PO TANG 18G AZUL;33496;180;360
5;REFRE PO TANG 18G AZUL;33496;180;360
6;REFRE PO TANG 18G AZUL;33496;180;360
8;REFRE PO TANG 18G AZUL;33496;180;360
11;REFRE PO TANG 18G AZUL;33496;180;360
12;REFRE PO TANG 18G AZUL;33496;180;360
13;REFRE PO TANG 18G AZUL;33496;180;360
17;REFRE PO TANG 18G AZUL;33496;180;360
18;REFRE PO TANG 18G AZUL;33496;180;360
3;REFRIG CHARRUA PET 200ML GUARANA;33256;120;156
6;REFRIG CHARRUA PET 200ML GUARANA;33256;96;132
3;REFRIG COCA COLA LT 220ML;734;102;138
12;REFRIG COCA COLA LT 220ML;734;60;78
17;REFRIG COCA COLA LT 220ML;734;90;120
4;REFRIG COCA COLA LT 310ML;891;66;90
8;REFRIG COCA COLA LT 310ML;891;72;96
3;REFRIG COCA COLA PET 1L;34306;216;282
6;REFRIG COCA COLA PET 1L;34306;96;126
11;REFRIG COCA COLA PET 1L;34306;246;324
12;REFRIG COCA COLA PET 1L;34306;126;168
18;REFRIG COCA COLA PET 1L;34306;72;96
3;REFRIG COCA COLA PET 1L ZERO;34308;282;372
14;REFRIG COCA COLA PET 1L ZERO;34308;90;120
3;REFRIG COCA COLA PET 200ML ZERO;764;552;720
12;REFRIG COCA COLA PET 200ML ZERO;764;120;156
3;REFRIG COCA COLA ZERO LT 310ML C6;867;114;150
6;REFRIG COCA COLA ZERO LT 310ML C6;867;54;72
11;REFRIG PEPSI PET 2L;825;56;80
12;REFRIG PEPSI PET 2L;825;88;120
6;SAB 123 BABY 80G AZUL;10133;72;144
7;SAB 123 BABY 80G AZUL;10133;72;144
12;SAB 123 BABY 80G AZUL;10133;72;144
18;SAB 123 BABY 80G AZUL;10133;72;144
3;SAB ABOVE 75G CREAM ORIG;22984;72;144
17;SAB ABOVE 75G CREAM ORIG;22984;72;144
18;SAB ABOVE 75G CREAM ORIG;22984;72;144
3;SAB ABOVE 75G CREAM VANILLA;22985;72;144
4;SAB ABOVE 75G CREAM VANILLA;22985;72;144
11;SAB ABOVE 75G CREAM VANILLA;22985;72;144
12;SAB ABOVE 75G CREAM VANILLA;22985;72;144
13;SAB ABOVE 75G CREAM VANILLA;22985;72;144
14;SAB ABOVE 75G CREAM VANILLA;22985;72;144
17;SAB ABOVE 75G CREAM VANILLA;22985;72;144
2;SAB ABOVE CANDY WOMEN 75G;22983;72;144
3;SAB ABOVE CANDY WOMEN 75G;22983;72;144
6;SAB ABOVE CANDY WOMEN 75G;22983;72;144
7;SAB ABOVE CANDY WOMEN 75G;22983;72;144
8;SAB ABOVE CANDY WOMEN 75G;22983;72;144
11;SAB ABOVE CANDY WOMEN 75G;22983;72;144
12;SAB ABOVE CANDY WOMEN 75G;22983;72;144
14;SAB ABOVE CANDY WOMEN 75G;22983;72;144
17;SAB ABOVE CANDY WOMEN 75G;22983;72;144
18;SAB ABOVE CANDY WOMEN 75G;22983;72;144
3;SAB ABOVE EXTREME BLACK MEN 75G;22986;72;144
8;SAB ABOVE EXTREME BLACK MEN 75G;22986;72;144
11;SAB ABOVE EXTREME BLACK MEN 75G;22986;72;144
12;SAB ABOVE EXTREME BLACK MEN 75G;22986;72;144
13;SAB ABOVE EXTREME BLACK MEN 75G;22986;72;144
17;SAB ABOVE EXTREME BLACK MEN 75G;22986;72;144
18;SAB ABOVE EXTREME BLACK MEN 75G;22986;72;144
2;SAB FONTANA SENSUS 150G AMANHECER PERSIA;22999;72;144
5;SAB FONTANA SENSUS 150G AMANHECER PERSIA;22999;72;144
6;SAB FONTANA SENSUS 150G AMANHECER PERSIA;22999;72;144
7;SAB FONTANA SENSUS 150G AMANHECER PERSIA;22999;72;144
8;SAB FONTANA SENSUS 150G AMANHECER PERSIA;22999;72;144
11;SAB FONTANA SENSUS 150G AMANHECER PERSIA;22999;72;144
13;SAB FONTANA SENSUS 150G AMANHECER PERSIA;22999;72;144
14;SAB FONTANA SENSUS 150G AMANHECER PERSIA;22999;72;144
17;SAB FONTANA SENSUS 150G AMANHECER PERSIA;22999;72;144
6;SAB FONTANA SENSUS 150G FLORESCER;23000;72;144
12;SAB FONTANA SENSUS 150G FLORESCER;23000;72;144
13;SAB FONTANA SENSUS 150G FLORESCER;23000;72;144
2;SAB FONTANA SENSUS 150G FOR MEN;23001;72;144
6;SAB FONTANA SENSUS 150G FOR MEN;23001;72;144
14;SAB FONTANA SENSUS 150G FOR MEN;23001;72;144
17;SAB FONTANA SENSUS 150G FOR MEN;23001;72;144
18;SAB FONTANA SENSUS 150G FOR MEN;23001;72;144
2;SAB FONTANA SENSUS 150G LIMA-LIMAO ORIEN;23002;72;144
5;SAB FONTANA SENSUS 150G LIMA-LIMAO ORIEN;23002;72;144
6;SAB FONTANA SENSUS 150G LIMA-LIMAO ORIEN;23002;72;144
7;SAB FONTANA SENSUS 150G LIMA-LIMAO ORIEN;23002;72;144
8;SAB FONTANA SENSUS 150G LIMA-LIMAO ORIEN;23002;72;144
12;SAB FONTANA SENSUS 150G LIMA-LIMAO ORIEN;23002;72;144
13;SAB FONTANA SENSUS 150G LIMA-LIMAO ORIEN;23002;72;144
18;SAB FONTANA SENSUS 150G LIMA-LIMAO ORIEN;23002;72;144
4;SAB LIFE BEL 80G DESEJO VERDE;23013;108;216
14;SAB LIFE BEL 80G DESEJO VERDE;23013;108;216
1;SAB MARAN SUAVE 80G AMENDOAS;34979;108;216
2;SAB MARAN SUAVE 80G AMENDOAS;34979;108;216
3;SAB MARAN SUAVE 80G AMENDOAS;34979;108;216
4;SAB MARAN SUAVE 80G AMENDOAS;34979;108;216
5;SAB MARAN SUAVE 80G AMENDOAS;34979;108;216
6;SAB MARAN SUAVE 80G AMENDOAS;34979;108;216
7;SAB MARAN SUAVE 80G AMENDOAS;34979;108;216
8;SAB MARAN SUAVE 80G AMENDOAS;34979;108;216
11;SAB MARAN SUAVE 80G AMENDOAS;34979;108;216
12;SAB MARAN SUAVE 80G AMENDOAS;34979;108;216
13;SAB MARAN SUAVE 80G AMENDOAS;34979;108;216
14;SAB MARAN SUAVE 80G AMENDOAS;34979;108;216
17;SAB MARAN SUAVE 80G AMENDOAS;34979;108;216
18;SAB MARAN SUAVE 80G AMENDOAS;34979;108;216
1;SAB MARAN SUAVE 80G ERVA DOCE;34976;108;216
2;SAB MARAN SUAVE 80G ERVA DOCE;34976;108;216
4;SAB MARAN SUAVE 80G ERVA DOCE;34976;108;216
5;SAB MARAN SUAVE 80G ERVA DOCE;34976;108;216
6;SAB MARAN SUAVE 80G ERVA DOCE;34976;108;216
7;SAB MARAN SUAVE 80G ERVA DOCE;34976;108;216
8;SAB MARAN SUAVE 80G ERVA DOCE;34976;108;216
11;SAB MARAN SUAVE 80G ERVA DOCE;34976;108;216
12;SAB MARAN SUAVE 80G ERVA DOCE;34976;108;216
14;SAB MARAN SUAVE 80G ERVA DOCE;34976;108;216
17;SAB MARAN SUAVE 80G ERVA DOCE;34976;108;216
18;SAB MARAN SUAVE 80G ERVA DOCE;34976;108;216
1;SAB MARAN SUAVE 80G PESSEGO;34977;108;216
2;SAB MARAN SUAVE 80G PESSEGO;34977;108;216
3;SAB MARAN SUAVE 80G PESSEGO;34977;108;216
4;SAB MARAN SUAVE 80G PESSEGO;34977;108;216
5;SAB MARAN SUAVE 80G PESSEGO;34977;108;216
6;SAB MARAN SUAVE 80G PESSEGO;34977;108;216
7;SAB MARAN SUAVE 80G PESSEGO;34977;108;216
8;SAB MARAN SUAVE 80G PESSEGO;34977;108;216
11;SAB MARAN SUAVE 80G PESSEGO;34977;108;216
14;SAB MARAN SUAVE 80G PESSEGO;34977;108;216
17;SAB MARAN SUAVE 80G PESSEGO;34977;108;216
18;SAB MARAN SUAVE 80G PESSEGO;34977;108;216
1;SAB MARAN SUAVE 80G ROSAS;34978;108;216
2;SAB MARAN SUAVE 80G ROSAS;34978;108;216
4;SAB MARAN SUAVE 80G ROSAS;34978;108;216
5;SAB MARAN SUAVE 80G ROSAS;34978;108;216
6;SAB MARAN SUAVE 80G ROSAS;34978;108;216
7;SAB MARAN SUAVE 80G ROSAS;34978;108;216
8;SAB MARAN SUAVE 80G ROSAS;34978;108;216
11;SAB MARAN SUAVE 80G ROSAS;34978;108;216
14;SAB MARAN SUAVE 80G ROSAS;34978;108;216
17;SAB MARAN SUAVE 80G ROSAS;34978;108;216
18;SAB MARAN SUAVE 80G ROSAS;34978;108;216
2;SAB PALMOLIVE 85G ARGILA EUCALIP;23111;108;216
3;SAB PALMOLIVE 85G ARGILA EUCALIP;23111;108;216
6;SAB PALMOLIVE 85G ARGILA EUCALIP;23111;108;216
11;SAB PALMOLIVE 85G ARGILA EUCALIP;23111;108;216
12;SAB PALMOLIVE 85G ARGILA EUCALIP;23111;108;216
13;SAB PALMOLIVE 85G ARGILA EUCALIP;23111;108;216
17;SAB PALMOLIVE 85G ARGILA EUCALIP;23111;108;216
18;SAB PALMOLIVE 85G ARGILA EUCALIP;23111;108;216
6;SAB PALMOLIVE 85G TANGERINA ALEC;23114;108;216
8;SAB PALMOLIVE 85G TANGERINA ALEC;23114;108;216
11;SAB PALMOLIVE 85G TANGERINA ALEC;23114;108;216
12;SAB PALMOLIVE 85G TANGERINA ALEC;23114;108;216
13;SAB PALMOLIVE 85G TANGERINA ALEC;23114;108;216
17;SAB PALMOLIVE 85G TANGERINA ALEC;23114;108;216
3;SAB PROTEX 85G CARVAO ATIVADO;23120;72;144
12;SAB PROTEX 85G CARVAO ATIVADO;23120;72;144
1;SAB SENSUS BEAUTY ESSENCE 80G AMANHECER PERS;10193;108;216
2;SAB SENSUS BEAUTY ESSENCE 80G AMANHECER PERS;10193;108;216
3;SAB SENSUS BEAUTY ESSENCE 80G AMANHECER PERS;10193;108;216
4;SAB SENSUS BEAUTY ESSENCE 80G AMANHECER PERS;10193;108;216
5;SAB SENSUS BEAUTY ESSENCE 80G AMANHECER PERS;10193;108;216
6;SAB SENSUS BEAUTY ESSENCE 80G AMANHECER PERS;10193;108;216
7;SAB SENSUS BEAUTY ESSENCE 80G AMANHECER PERS;10193;108;216
8;SAB SENSUS BEAUTY ESSENCE 80G AMANHECER PERS;10193;108;216
11;SAB SENSUS BEAUTY ESSENCE 80G AMANHECER PERS;10193;108;216
13;SAB SENSUS BEAUTY ESSENCE 80G AMANHECER PERS;10193;108;216
14;SAB SENSUS BEAUTY ESSENCE 80G AMANHECER PERS;10193;108;216
17;SAB SENSUS BEAUTY ESSENCE 80G AMANHECER PERS;10193;108;216
18;SAB SENSUS BEAUTY ESSENCE 80G AMANHECER PERS;10193;108;216
2;SAB SENSUS BEAUTY ESSENCE 80G BOSQUES OCIDENT;10194;108;216
3;SAB SENSUS BEAUTY ESSENCE 80G BOSQUES OCIDENT;10194;108;216
4;SAB SENSUS BEAUTY ESSENCE 80G BOSQUES OCIDENT;10194;108;216
5;SAB SENSUS BEAUTY ESSENCE 80G BOSQUES OCIDENT;10194;108;216
7;SAB SENSUS BEAUTY ESSENCE 80G BOSQUES OCIDENT;10194;108;216
8;SAB SENSUS BEAUTY ESSENCE 80G BOSQUES OCIDENT;10194;108;216
14;SAB SENSUS BEAUTY ESSENCE 80G BOSQUES OCIDENT;10194;108;216
17;SAB SENSUS BEAUTY ESSENCE 80G BOSQUES OCIDENT;10194;108;216
4;SAB SENSUS BEAUTY ESSENCE 80G FLORESCER ASIAT;10195;108;216
5;SAB SENSUS BEAUTY ESSENCE 80G FLORESCER ASIAT;10195;108;216
6;SAB SENSUS BEAUTY ESSENCE 80G FLORESCER ASIAT;10195;108;216
7;SAB SENSUS BEAUTY ESSENCE 80G FLORESCER ASIAT;10195;108;216
8;SAB SENSUS BEAUTY ESSENCE 80G FLORESCER ASIAT;10195;108;216
13;SAB SENSUS BEAUTY ESSENCE 80G FLORESCER ASIAT;10195;108;216
14;SAB SENSUS BEAUTY ESSENCE 80G FLORESCER ASIAT;10195;108;216
17;SAB SENSUS BEAUTY ESSENCE 80G FLORESCER ASIAT;10195;108;216
18;SAB SENSUS BEAUTY ESSENCE 80G FLORESCER ASIAT;10195;108;216
2;SAB SENSUS BEAUTY ESSENCE 80G FOR MEN;10196;108;216
3;SAB SENSUS BEAUTY ESSENCE 80G FOR MEN;10196;108;216
4;SAB SENSUS BEAUTY ESSENCE 80G FOR MEN;10196;108;216
5;SAB SENSUS BEAUTY ESSENCE 80G FOR MEN;10196;108;216
6;SAB SENSUS BEAUTY ESSENCE 80G FOR MEN;10196;108;216
7;SAB SENSUS BEAUTY ESSENCE 80G FOR MEN;10196;108;216
8;SAB SENSUS BEAUTY ESSENCE 80G FOR MEN;10196;108;216
11;SAB SENSUS BEAUTY ESSENCE 80G FOR MEN;10196;108;216
12;SAB SENSUS BEAUTY ESSENCE 80G FOR MEN;10196;108;216
13;SAB SENSUS BEAUTY ESSENCE 80G FOR MEN;10196;108;216
17;SAB SENSUS BEAUTY ESSENCE 80G FOR MEN;10196;108;216
18;SAB SENSUS BEAUTY ESSENCE 80G FOR MEN;10196;108;216
2;SAB SENSUS BEAUTY ESSENCE 80G JARDINS TURQUIA;10197;108;216
4;SAB SENSUS BEAUTY ESSENCE 80G JARDINS TURQUIA;10197;108;216
5;SAB SENSUS BEAUTY ESSENCE 80G JARDINS TURQUIA;10197;108;216
7;SAB SENSUS BEAUTY ESSENCE 80G JARDINS TURQUIA;10197;108;216
8;SAB SENSUS BEAUTY ESSENCE 80G JARDINS TURQUIA;10197;108;216
12;SAB SENSUS BEAUTY ESSENCE 80G JARDINS TURQUIA;10197;108;216
17;SAB SENSUS BEAUTY ESSENCE 80G JARDINS TURQUIA;10197;108;216
18;SAB SENSUS BEAUTY ESSENCE 80G JARDINS TURQUIA;10197;108;216
2;SAB SENSUS BEAUTY ESSENCE 80G LIMA LIM ORIENT;10198;108;216
3;SAB SENSUS BEAUTY ESSENCE 80G LIMA LIM ORIENT;10198;108;216
4;SAB SENSUS BEAUTY ESSENCE 80G LIMA LIM ORIENT;10198;108;216
5;SAB SENSUS BEAUTY ESSENCE 80G LIMA LIM ORIENT;10198;108;216
6;SAB SENSUS BEAUTY ESSENCE 80G LIMA LIM ORIENT;10198;108;216
7;SAB SENSUS BEAUTY ESSENCE 80G LIMA LIM ORIENT;10198;108;216
8;SAB SENSUS BEAUTY ESSENCE 80G LIMA LIM ORIENT;10198;108;216
11;SAB SENSUS BEAUTY ESSENCE 80G LIMA LIM ORIENT;10198;108;216
13;SAB SENSUS BEAUTY ESSENCE 80G LIMA LIM ORIENT;10198;108;216
14;SAB SENSUS BEAUTY ESSENCE 80G LIMA LIM ORIENT;10198;108;216
17;SAB SENSUS BEAUTY ESSENCE 80G LIMA LIM ORIENT;10198;108;216
18;SAB SENSUS BEAUTY ESSENCE 80G LIMA LIM ORIENT;10198;108;216
2;SABAO BARRA GIRANDO SOL GILCER 200G;10203;50;100
3;SABAO BARRA GIRANDO SOL GILCER 200G;10203;50;100
6;SABAO BARRA GIRANDO SOL GILCER 200G;10203;50;100
11;SABAO BARRA GIRANDO SOL GILCER 200G;10203;50;100
18;SABAO BARRA GIRANDO SOL GILCER 200G;10203;50;100
4;SABAO BARRA YPE 180G GLIC ALOE VERA;7786;60;120
5;SABAO BARRA YPE 180G GLIC ALOE VERA;7786;60;120
7;SABAO BARRA YPE 180G GLIC ALOE VERA;7786;60;120
13;SABAO BARRA YPE 180G GLIC ALOE VERA;7786;60;120
4;SABAO BARRA YPE 180G GLICERINA;7785;60;120
11;SABAO BARRA YPE 180G GLICERINA;7785;60;120
12;SABAO BARRA YPE 180G GLICERINA;7785;60;120
14;SABAO BARRA YPE 180G GLICERINA;7785;60;120
2;SABAO BARRA YPE 180G M ATI PERF AZ;7789;60;120
4;SABAO BARRA YPE 180G M ATI PERF AZ;7789;60;120
12;SABAO BARRA YPE 180G M ATI PERF AZ;7789;60;120
3;SABAO GIRANDO SOL GLIC 180G FRESH;23141;50;100
11;SABAO GIRANDO SOL GLIC 180G FRESH;23141;50;100
12;SABAO GIRANDO SOL GLIC 180G FRESH;23141;50;100
17;SABAO GIRANDO SOL GLIC 180G FRESH;23141;50;100
3;SABAO GIRANDO SOL GLIC 180G NEUTRO;23142;50;100
11;SABAO GIRANDO SOL GLIC 180G NEUTRO;23142;50;100
12;SABAO GIRANDO SOL GLIC 180G NEUTRO;23142;50;100
13;SABAO GIRANDO SOL GLIC 180G NEUTRO;23142;50;100
2;SABAO PO GIRANDO SOL 800G HIPOALERGENICO;7832;25;50
12;SABAO PO GIRANDO SOL 800G HIPOALERGENICO;7832;25;50
13;SABAO PO GIRANDO SOL 800G HIPOALERGENICO;7832;25;50
3;SABAO ZAVASKI COCO 200G;23158;50;100
6;SABAO ZAVASKI COCO 200G;23158;50;100
7;SABAO ZAVASKI COCO 200G;23158;50;100
11;SABAO ZAVASKI COCO 200G;23158;50;100
14;SABAO ZAVASKI COCO 200G;23158;50;100
3;SABAO ZAVASKI GLIC 200G;23159;50;100
4;SABAO ZAVASKI GLIC 200G;23159;50;100
11;SABAO ZAVASKI GLIC 200G;23159;50;100
12;SABAO ZAVASKI GLIC 200G;23159;50;100
17;SABAO ZAVASKI GLIC 200G;23159;50;100
18;SABAO ZAVASKI GLIC 200G;23159;50;100
3;SABAO ZAVASKI GLIC LIMAO 200G;23161;50;100
17;SABAO ZAVASKI GLIC LIMAO 200G;23161;50;100
2;SABON PALMOLIVE 150G ARGILA EUCALIP;23108;72;144
6;SABON PALMOLIVE 150G ARGILA EUCALIP;23108;72;144
11;SABON PALMOLIVE 150G ARGILA EUCALIP;23108;72;144
13;SABON PALMOLIVE 150G ARGILA EUCALIP;23108;72;144
14;SABON PALMOLIVE 150G ARGILA EUCALIP;23108;72;144
18;SABON PALMOLIVE 150G ARGILA EUCALIP;23108;72;144
2;SABON PALMOLIVE 150G TANGERINA ALEC;23110;72;144
3;SABON PALMOLIVE 150G TANGERINA ALEC;23110;72;144
6;SABON PALMOLIVE 150G TANGERINA ALEC;23110;72;144
11;SABON PALMOLIVE 150G TANGERINA ALEC;23110;72;144
12;SABON PALMOLIVE 150G TANGERINA ALEC;23110;72;144
18;SABON PALMOLIVE 150G TANGERINA ALEC;23110;72;144
6;SABON PALMOLIVE NATURALS 150G GELEIA REAL;7942;72;144
12;SABON PALMOLIVE NATURALS 150G GELEIA REAL;7942;72;144
13;SABON PALMOLIVE NATURALS 150G GELEIA REAL;7942;72;144
18;SABON PALMOLIVE NATURALS 150G GELEIA REAL;7942;72;144
2;SABON PALMOLIVE NATURALS 150G JASMIM E CACAU;7943;72;144
4;SABON PALMOLIVE NATURALS 150G JASMIM E CACAU;7943;72;144
5;SABON PALMOLIVE NATURALS 150G JASMIM E CACAU;7943;72;144
6;SABON PALMOLIVE NATURALS 150G JASMIM E CACAU;7943;72;144
7;SABON PALMOLIVE NATURALS 150G JASMIM E CACAU;7943;72;144
11;SABON PALMOLIVE NATURALS 150G JASMIM E CACAU;7943;72;144
13;SABON PALMOLIVE NATURALS 150G JASMIM E CACAU;7943;72;144
14;SABON PALMOLIVE NATURALS 150G JASMIM E CACAU;7943;72;144
18;SABON PALMOLIVE NATURALS 150G JASMIM E CACAU;7943;72;144
2;SABON PALMOLIVE NATURALS 150G KARITE;7944;72;144
3;SABON PALMOLIVE NATURALS 150G KARITE;7944;72;144
6;SABON PALMOLIVE NATURALS 150G KARITE;7944;72;144
11;SABON PALMOLIVE NATURALS 150G KARITE;7944;72;144
12;SABON PALMOLIVE NATURALS 150G KARITE;7944;72;144
13;SABON PALMOLIVE NATURALS 150G KARITE;7944;72;144
18;SABON PALMOLIVE NATURALS 150G KARITE;7944;72;144
2;SABON PALMOLIVE NATURALS 150G LEITE ROSA;7946;72;144
3;SABON PALMOLIVE NATURALS 150G LEITE ROSA;7946;72;144
5;SABON PALMOLIVE NATURALS 150G LEITE ROSA;7946;72;144
6;SABON PALMOLIVE NATURALS 150G LEITE ROSA;7946;72;144
7;SABON PALMOLIVE NATURALS 150G LEITE ROSA;7946;72;144
11;SABON PALMOLIVE NATURALS 150G LEITE ROSA;7946;72;144
13;SABON PALMOLIVE NATURALS 150G LEITE ROSA;7946;72;144
18;SABON PALMOLIVE NATURALS 150G LEITE ROSA;7946;72;144
2;SABON PALMOLIVE NATURALS 150G MELANCIA LICHIA;7947;72;144
5;SABON PALMOLIVE NATURALS 150G MELANCIA LICHIA;7947;72;144
6;SABON PALMOLIVE NATURALS 150G MELANCIA LICHIA;7947;72;144
7;SABON PALMOLIVE NATURALS 150G MELANCIA LICHIA;7947;72;144
11;SABON PALMOLIVE NATURALS 150G MELANCIA LICHIA;7947;72;144
12;SABON PALMOLIVE NATURALS 150G MELANCIA LICHIA;7947;72;144
13;SABON PALMOLIVE NATURALS 150G MELANCIA LICHIA;7947;72;144
18;SABON PALMOLIVE NATURALS 150G MELANCIA LICHIA;7947;72;144
2;SABON PALMOLIVE NATURALS 150G OLEO ARGAN;7948;72;144
4;SABON PALMOLIVE NATURALS 150G OLEO ARGAN;7948;72;144
6;SABON PALMOLIVE NATURALS 150G OLEO ARGAN;7948;72;144
7;SABON PALMOLIVE NATURALS 150G OLEO ARGAN;7948;72;144
11;SABON PALMOLIVE NATURALS 150G OLEO ARGAN;7948;72;144
12;SABON PALMOLIVE NATURALS 150G OLEO ARGAN;7948;72;144
13;SABON PALMOLIVE NATURALS 150G OLEO ARGAN;7948;72;144
14;SABON PALMOLIVE NATURALS 150G OLEO ARGAN;7948;72;144
18;SABON PALMOLIVE NATURALS 150G OLEO ARGAN;7948;72;144
2;SABON PALMOLIVE NATURALS 150G OLEO NUTRITIVO;7949;72;144
3;SABON PALMOLIVE NATURALS 150G OLEO NUTRITIVO;7949;72;144
11;SABON PALMOLIVE NATURALS 150G OLEO NUTRITIVO;7949;72;144
12;SABON PALMOLIVE NATURALS 150G OLEO NUTRITIVO;7949;72;144
13;SABON PALMOLIVE NATURALS 150G OLEO NUTRITIVO;7949;72;144
14;SABON PALMOLIVE NATURALS 150G OLEO NUTRITIVO;7949;72;144
17;SABON PALMOLIVE NATURALS 150G OLEO NUTRITIVO;7949;72;144
2;SABON PALMOLIVE NATURALS 150G TURMALINA;7950;72;144
3;SABON PALMOLIVE NATURALS 150G TURMALINA;7950;72;144
4;SABON PALMOLIVE NATURALS 150G TURMALINA;7950;72;144
6;SABON PALMOLIVE NATURALS 150G TURMALINA;7950;72;144
7;SABON PALMOLIVE NATURALS 150G TURMALINA;7950;72;144
11;SABON PALMOLIVE NATURALS 150G TURMALINA;7950;72;144
12;SABON PALMOLIVE NATURALS 150G TURMALINA;7950;72;144
13;SABON PALMOLIVE NATURALS 150G TURMALINA;7950;72;144
17;SABON PALMOLIVE NATURALS 150G TURMALINA;7950;72;144
18;SABON PALMOLIVE NATURALS 150G TURMALINA;7950;72;144
2;SABON PALMOLIVE NATURALS 150G VERDE;7951;72;144
3;SABON PALMOLIVE NATURALS 150G VERDE;7951;72;144
4;SABON PALMOLIVE NATURALS 150G VERDE;7951;72;144
6;SABON PALMOLIVE NATURALS 150G VERDE;7951;72;144
7;SABON PALMOLIVE NATURALS 150G VERDE;7951;72;144
11;SABON PALMOLIVE NATURALS 150G VERDE;7951;72;144
13;SABON PALMOLIVE NATURALS 150G VERDE;7951;72;144
14;SABON PALMOLIVE NATURALS 150G VERDE;7951;72;144
17;SABON PALMOLIVE NATURALS 150G VERDE;7951;72;144
18;SABON PALMOLIVE NATURALS 150G VERDE;7951;72;144
3;SABONETE FLOR DE YPE 85G ROSAS BR AVELA;7894;72;144
5;SABONETE FLOR DE YPE 85G ROSAS BR AVELA;7894;72;144
5;SABONETE LUX 125G SUAVE BUQUE DE JASMIM;7918;72;144
6;SABONETE LUX 125G SUAVE BUQUE DE JASMIM;7918;72;144
8;SABONETE LUX 125G SUAVE BUQUE DE JASMIM;7918;72;144
18;SABONETE LUX 125G SUAVE BUQUE DE JASMIM;7918;72;144
17;SABONETE LUX 125G SUAVE LIRIO AZUL;7920;72;144
18;SABONETE LUX 125G SUAVE LIRIO AZUL;7920;72;144
2;SABONETE LUX 125G SUAVE ROSAS FRANCESAS;7921;72;144
6;SABONETE LUX 125G SUAVE ROSAS FRANCESAS;7921;72;144
7;SABONETE LUX 125G SUAVE ROSAS FRANCESAS;7921;72;144
8;SABONETE LUX 125G SUAVE ROSAS FRANCESAS;7921;72;144
13;SABONETE LUX 125G SUAVE ROSAS FRANCESAS;7921;72;144
18;SABONETE LUX 125G SUAVE ROSAS FRANCESAS;7921;72;144
5;SABONETE LUX 85G BUQUE D JASMIM;7922;108;216
6;SABONETE LUX 85G BUQUE D JASMIM;7922;108;216
7;SABONETE LUX 85G BUQUE D JASMIM;7922;108;216
11;SABONETE LUX 85G BUQUE D JASMIM;7922;108;216
12;SABONETE LUX 85G BUQUE D JASMIM;7922;108;216
14;SABONETE LUX 85G BUQUE D JASMIM;7922;108;216
17;SABONETE LUX 85G BUQUE D JASMIM;7922;108;216
2;SABONETE LUX 85G FLOR DE LOTUS;7925;108;216
6;SABONETE LUX 85G FLOR DE LOTUS;7925;108;216
13;SABONETE LUX 85G FLOR DE LOTUS;7925;108;216
14;SABONETE LUX 85G FLOR DE LOTUS;7925;108;216
17;SABONETE LUX 85G FLOR DE LOTUS;7925;108;216
18;SABONETE LUX 85G FLOR DE LOTUS;7925;108;216
2;SABONETE LUX 85G FLOR DE VERBENA;7926;108;216
3;SABONETE LUX 85G FLOR DE VERBENA;7926;108;216
4;SABONETE LUX 85G FLOR DE VERBENA;7926;108;216
6;SABONETE LUX 85G FLOR DE VERBENA;7926;108;216
7;SABONETE LUX 85G FLOR DE VERBENA;7926;108;216
8;SABONETE LUX 85G FLOR DE VERBENA;7926;108;216
11;SABONETE LUX 85G FLOR DE VERBENA;7926;108;216
13;SABONETE LUX 85G FLOR DE VERBENA;7926;108;216
2;SABONETE LUX 85G GARD E OLEO AME;33666;108;216
3;SABONETE LUX 85G GARD E OLEO AME;33666;108;216
17;SABONETE LUX 85G GARD E OLEO AME;33666;108;216
18;SABONETE LUX 85G GARD E OLEO AME;33666;108;216
4;SABONETE LUX 85G LAVANDA;7927;108;216
6;SABONETE LUX 85G LAVANDA;7927;108;216
7;SABONETE LUX 85G LAVANDA;7927;108;216
8;SABONETE LUX 85G LAVANDA;7927;108;216
11;SABONETE LUX 85G LAVANDA;7927;108;216
13;SABONETE LUX 85G LAVANDA;7927;108;216
14;SABONETE LUX 85G LAVANDA;7927;108;216
17;SABONETE LUX 85G LAVANDA;7927;108;216
2;SABONETE LUX 85G LIRIO AZUL;7928;108;216
3;SABONETE LUX 85G LIRIO AZUL;7928;108;216
5;SABONETE LUX 85G LIRIO AZUL;7928;108;216
6;SABONETE LUX 85G LIRIO AZUL;7928;108;216
7;SABONETE LUX 85G LIRIO AZUL;7928;108;216
8;SABONETE LUX 85G LIRIO AZUL;7928;108;216
14;SABONETE LUX 85G LIRIO AZUL;7928;108;216
17;SABONETE LUX 85G LIRIO AZUL;7928;108;216
18;SABONETE LUX 85G LIRIO AZUL;7928;108;216
2;SABONETE LUX 85G ORQUIDEA NEGRA;7929;108;216
4;SABONETE LUX 85G ORQUIDEA NEGRA;7929;108;216
5;SABONETE LUX 85G ORQUIDEA NEGRA;7929;108;216
6;SABONETE LUX 85G ORQUIDEA NEGRA;7929;108;216
7;SABONETE LUX 85G ORQUIDEA NEGRA;7929;108;216
8;SABONETE LUX 85G ORQUIDEA NEGRA;7929;108;216
12;SABONETE LUX 85G ORQUIDEA NEGRA;7929;108;216
13;SABONETE LUX 85G ORQUIDEA NEGRA;7929;108;216
14;SABONETE LUX 85G ORQUIDEA NEGRA;7929;108;216
17;SABONETE LUX 85G ORQUIDEA NEGRA;7929;108;216
18;SABONETE LUX 85G ORQUIDEA NEGRA;7929;108;216
2;SABONETE LUX 85G ROSAS FRANCESAS;7930;108;216
4;SABONETE LUX 85G ROSAS FRANCESAS;7930;108;216
5;SABONETE LUX 85G ROSAS FRANCESAS;7930;108;216
6;SABONETE LUX 85G ROSAS FRANCESAS;7930;108;216
7;SABONETE LUX 85G ROSAS FRANCESAS;7930;108;216
11;SABONETE LUX 85G ROSAS FRANCESAS;7930;108;216
17;SABONETE LUX 85G ROSAS FRANCESAS;7930;108;216
2;SABONETE NIVEA 85G AVEIA;7932;96;192
3;SABONETE NIVEA 85G AVEIA;7932;96;192
6;SABONETE NIVEA 85G AVEIA;7932;96;192
11;SABONETE NIVEA 85G AVEIA;7932;96;192
13;SABONETE NIVEA 85G AVEIA;7932;96;192
14;SABONETE NIVEA 85G AVEIA;7932;96;192
18;SABONETE NIVEA 85G AVEIA;7932;96;192
2;SABONETE NIVEA 85G ERVA DOCE/OLEOS;7933;96;192
3;SABONETE NIVEA 85G ERVA DOCE/OLEOS;7933;96;192
4;SABONETE NIVEA 85G ERVA DOCE/OLEOS;7933;96;192
5;SABONETE NIVEA 85G ERVA DOCE/OLEOS;7933;96;192
6;SABONETE NIVEA 85G ERVA DOCE/OLEOS;7933;96;192
8;SABONETE NIVEA 85G ERVA DOCE/OLEOS;7933;96;192
11;SABONETE NIVEA 85G ERVA DOCE/OLEOS;7933;96;192
12;SABONETE NIVEA 85G ERVA DOCE/OLEOS;7933;96;192
13;SABONETE NIVEA 85G ERVA DOCE/OLEOS;7933;96;192
14;SABONETE NIVEA 85G ERVA DOCE/OLEOS;7933;96;192
17;SABONETE NIVEA 85G ERVA DOCE/OLEOS;7933;96;192
2;SABONETE NIVEA 85G LAVANDA;7936;96;192
3;SABONETE NIVEA 85G LAVANDA;7936;96;192
5;SABONETE NIVEA 85G LAVANDA;7936;96;192
8;SABONETE NIVEA 85G LAVANDA;7936;96;192
11;SABONETE NIVEA 85G LAVANDA;7936;96;192
13;SABONETE NIVEA 85G LAVANDA;7936;96;192
14;SABONETE NIVEA 85G LAVANDA;7936;96;192
17;SABONETE NIVEA 85G LAVANDA;7936;96;192
18;SABONETE NIVEA 85G LAVANDA;7936;96;192
3;SABONETE NIVEA 85G ORQUIDEA;7937;96;192
6;SABONETE NIVEA 85G ORQUIDEA;7937;96;192
13;SABONETE NIVEA 85G ORQUIDEA;7937;96;192
14;SABONETE NIVEA 85G ORQUIDEA;7937;96;192
17;SABONETE NIVEA 85G ORQUIDEA;7937;96;192
18;SABONETE NIVEA 85G ORQUIDEA;7937;96;192
2;SABONETE NIVEA 85G PROTEINA LEITE;7938;96;192
3;SABONETE NIVEA 85G PROTEINA LEITE;7938;96;192
4;SABONETE NIVEA 85G PROTEINA LEITE;7938;96;192
5;SABONETE NIVEA 85G PROTEINA LEITE;7938;96;192
6;SABONETE NIVEA 85G PROTEINA LEITE;7938;96;192
7;SABONETE NIVEA 85G PROTEINA LEITE;7938;96;192
8;SABONETE NIVEA 85G PROTEINA LEITE;7938;96;192
11;SABONETE NIVEA 85G PROTEINA LEITE;7938;96;192
13;SABONETE NIVEA 85G PROTEINA LEITE;7938;96;192
14;SABONETE NIVEA 85G PROTEINA LEITE;7938;96;192
3;SABONETE PHEBO 90G NATURELLE;7960;144;288
14;SABONETE PHEBO 90G NATURELLE;7960;144;288
4;SABONETE PHEBO 90G ODOR DE ROSAS;7961;144;288
11;SABONETE PHEBO 90G ODOR DE ROSAS;7961;144;288
12;SABONETE PHEBO 90G ODOR DE ROSAS;7961;144;288
14;SABONETE PHEBO 90G ODOR DE ROSAS;7961;144;288
3;SABONETE PROTEX 85G ERVA DOCE;7973;72;144
17;SABONETE PROTEX 85G ERVA DOCE;7973;72;144
3;SABONETE PROTEX 85G LIMPEZA PROFUND;7974;72;144
6;SABONETE PROTEX 85G LIMPEZA PROFUND;7974;72;144
12;SABONETE PROTEX 85G LIMPEZA PROFUND;7974;72;144
17;SABONETE PROTEX 85G LIMPEZA PROFUND;7974;72;144
2;SABONETE PROTEX 85G MEN SPORT;7977;72;144
6;SABONETE PROTEX 85G MEN SPORT;7977;72;144
2;SALG BAT RUFFLES TUBO 100G ORIG;23280;28;42
3;SALG BAT RUFFLES TUBO 100G ORIG;23280;28;42
7;SALG BAT RUFFLES TUBO 100G ORIG;23280;14;28
11;SALG BAT RUFFLES TUBO 100G ORIG;23280;28;42
12;SALG BAT RUFFLES TUBO 100G ORIG;23280;14;28
14;SALG BAT RUFFLES TUBO 100G ORIG;23280;28;42
18;SALG BAT RUFFLES TUBO 100G ORIG;23280;14;28
2;SALG BATATA OND KEVYTOS 35G CHURRASCO;3273;30;60
3;SALG BATATA OND KEVYTOS 35G CHURRASCO;3273;30;60
11;SALG BATATA OND KEVYTOS 35G CHURRASCO;3273;30;60
12;SALG BATATA OND KEVYTOS 35G CHURRASCO;3273;30;60
3;SALG BATATA OND PRATIC LEVE 40G ORIGINAL;3195;11;15
7;SALG BATATA OND PRATIC LEVE 40G ORIGINAL;3195;10;13
17;SALG BATATA OND PRATIC LEVE 40G ORIGINAL;3195;10;13
3;SALG BATATA RUFFLES 33G ORIG;37614;50;100
4;SALG BATATA RUFFLES 33G ORIG;37614;50;100
6;SALG BATATA RUFFLES 33G ORIG;37614;50;100
12;SALG BATATA RUFFLES 33G ORIG;37614;50;100
2;SALG BATATA RUFFLES 33G ORIGINAL;3199;50;100
3;SALG BATATA RUFFLES 33G ORIGINAL;3199;50;100
4;SALG BATATA RUFFLES 33G ORIGINAL;3199;50;100
5;SALG BATATA RUFFLES 33G ORIGINAL;3199;50;100
7;SALG BATATA RUFFLES 33G ORIGINAL;3199;50;100
8;SALG BATATA RUFFLES 33G ORIGINAL;3199;50;100
11;SALG BATATA RUFFLES 33G ORIGINAL;3199;50;100
12;SALG BATATA RUFFLES 33G ORIGINAL;3199;50;100
13;SALG BATATA RUFFLES 33G ORIGINAL;3199;50;100
17;SALG BATATA RUFFLES 33G ORIGINAL;3199;50;100
18;SALG BATATA RUFFLES 33G ORIGINAL;3199;50;100
3;SALG BATATA RUFFLES OND 68G ORIGINAL;3210;25;50
13;SALG BATATA RUFFLES OND 68G ORIGINAL;3210;25;50
3;SALG BOLA CHEETOS 33G QUEIJO SUICO;3310;48;96
6;SALG BOLA CHEETOS 33G QUEIJO SUICO;3310;48;96
2;SALG CHEETOS 36G MIX DE QUEIJO;3309;56;112
3;SALG CHEETOS 36G MIX DE QUEIJO;3309;56;112
5;SALG CHEETOS 36G MIX DE QUEIJO;3309;56;112
6;SALG CHEETOS 36G MIX DE QUEIJO;3309;56;112
11;SALG CHEETOS 36G MIX DE QUEIJO;3309;56;112
12;SALG CHEETOS 36G MIX DE QUEIJO;3309;56;112
13;SALG CHEETOS 36G MIX DE QUEIJO;3309;56;112
18;SALG CHEETOS 36G MIX DE QUEIJO;3309;56;112
3;SALG CROCANTISSIMO 40G CHURRASCO;3151;21;28
6;SALG CROCANTISSIMO 40G CHURRASCO;3151;10;13
3;SALG CROCANTISSIMO 40G PEITO PERU REQU;3149;23;30
6;SALG CROCANTISSIMO 40G PEITO PERU REQU;3149;11;15
14;SALG CROCANTISSIMO 40G PEITO PERU REQU;3149;9;12
18;SALG CROCANTISSIMO 40G PEITO PERU REQU;3149;9;12
3;SALG CROCANTISSIMO 40G SALAME C LIMAO;3150;19;25
6;SALG CROCANTISSIMO 40G SALAME C LIMAO;3150;12;16
18;SALG CROCANTISSIMO 40G SALAME C LIMAO;3150;9;12
2;SALG DORITOS 120G QUEIJO NACHO;3349;17;34
3;SALG DORITOS 120G QUEIJO NACHO;3349;34;51
5;SALG DORITOS 120G QUEIJO NACHO;3349;17;34
6;SALG DORITOS 120G QUEIJO NACHO;3349;17;34
7;SALG DORITOS 120G QUEIJO NACHO;3349;17;34
11;SALG DORITOS 120G QUEIJO NACHO;3349;17;34
12;SALG DORITOS 120G QUEIJO NACHO;3349;34;51
13;SALG DORITOS 120G QUEIJO NACHO;3349;17;34
14;SALG DORITOS 120G QUEIJO NACHO;3349;17;34
17;SALG DORITOS 120G QUEIJO NACHO;3349;34;51
18;SALG DORITOS 120G QUEIJO NACHO;3349;34;51
3;SALG DORITOS 210G QUEIJO NACHO;3356;24;36
14;SALG DORITOS 210G QUEIJO NACHO;3356;12;24
2;SALG DORITOS 32G QUEIJO NACHO;3320;58;116
3;SALG DORITOS 32G QUEIJO NACHO;3320;116;174
4;SALG DORITOS 32G QUEIJO NACHO;3320;58;116
5;SALG DORITOS 32G QUEIJO NACHO;3320;58;116
6;SALG DORITOS 32G QUEIJO NACHO;3320;58;116
7;SALG DORITOS 32G QUEIJO NACHO;3320;58;116
8;SALG DORITOS 32G QUEIJO NACHO;3320;58;116
11;SALG DORITOS 32G QUEIJO NACHO;3320;58;116
12;SALG DORITOS 32G QUEIJO NACHO;3320;58;116
13;SALG DORITOS 32G QUEIJO NACHO;3320;58;116
14;SALG DORITOS 32G QUEIJO NACHO;3320;58;116
17;SALG DORITOS 32G QUEIJO NACHO;3320;116;174
18;SALG DORITOS 32G QUEIJO NACHO;3320;58;116
2;SALG DORITOS 75G QUEIJO NACHO;3337;25;50
3;SALG DORITOS 75G QUEIJO NACHO;3337;50;75
5;SALG DORITOS 75G QUEIJO NACHO;3337;25;50
6;SALG DORITOS 75G QUEIJO NACHO;3337;25;50
12;SALG DORITOS 75G QUEIJO NACHO;3337;25;50
13;SALG DORITOS 75G QUEIJO NACHO;3337;25;50
14;SALG DORITOS 75G QUEIJO NACHO;3337;25;50
17;SALG DORITOS 75G QUEIJO NACHO;3337;25;50
18;SALG DORITOS 75G QUEIJO NACHO;3337;25;50
3;SALG ELMA CHIPS LANCHINHO SORT 94G;37638;24;36
6;SALG ELMA CHIPS LANCHINHO SORT 94G;37638;24;36
12;SALG ELMA CHIPS LANCHINHO SORT 94G;37638;24;36
18;SALG ELMA CHIPS LANCHINHO SORT 94G;37638;12;24
3;SALG ELMA CHIPS PINGO DOURO 120G PICANHA;3176;28;56
6;SALG ELMA CHIPS PINGO DOURO 120G PICANHA;3176;28;56
11;SALG ELMA CHIPS PINGO DOURO 120G PICANHA;3176;28;56
12;SALG ELMA CHIPS PINGO DOURO 120G PICANHA;3176;28;56
13;SALG ELMA CHIPS PINGO DOURO 120G PICANHA;3176;28;56
2;SALG ELMA CHIPS PINGO DOURO 160G BACON;3190;28;56
3;SALG ELMA CHIPS PINGO DOURO 160G BACON;3190;28;56
5;SALG ELMA CHIPS PINGO DOURO 160G BACON;3190;28;56
6;SALG ELMA CHIPS PINGO DOURO 160G BACON;3190;28;56
7;SALG ELMA CHIPS PINGO DOURO 160G BACON;3190;28;56
11;SALG ELMA CHIPS PINGO DOURO 160G BACON;3190;28;56
12;SALG ELMA CHIPS PINGO DOURO 160G BACON;3190;28;56
13;SALG ELMA CHIPS PINGO DOURO 160G BACON;3190;28;56
14;SALG ELMA CHIPS PINGO DOURO 160G BACON;3190;28;56
17;SALG ELMA CHIPS PINGO DOURO 160G BACON;3190;28;56
18;SALG ELMA CHIPS PINGO DOURO 160G BACON;3190;28;56
2;SALG ELMA CHIPS PINGO DOURO 55G PICANHA;3155;54;108
3;SALG ELMA CHIPS PINGO DOURO 55G PICANHA;3155;54;108
6;SALG ELMA CHIPS PINGO DOURO 55G PICANHA;3155;54;108
7;SALG ELMA CHIPS PINGO DOURO 55G PICANHA;3155;54;108
11;SALG ELMA CHIPS PINGO DOURO 55G PICANHA;3155;54;108
13;SALG ELMA CHIPS PINGO DOURO 55G PICANHA;3155;54;108
14;SALG ELMA CHIPS PINGO DOURO 55G PICANHA;3155;54;108
3;SALG ELMA CHIPS PINGO DOURO 76G BACON;3157;100;150
5;SALG ELMA CHIPS PINGO DOURO 76G BACON;3157;50;100
6;SALG ELMA CHIPS PINGO DOURO 76G BACON;3157;50;100
7;SALG ELMA CHIPS PINGO DOURO 76G BACON;3157;50;100
8;SALG ELMA CHIPS PINGO DOURO 76G BACON;3157;50;100
11;SALG ELMA CHIPS PINGO DOURO 76G BACON;3157;50;100
13;SALG ELMA CHIPS PINGO DOURO 76G BACON;3157;50;100
14;SALG ELMA CHIPS PINGO DOURO 76G BACON;3157;50;100
17;SALG ELMA CHIPS PINGO DOURO 76G BACON;3157;50;100
18;SALG ELMA CHIPS PINGO DOURO 76G BACON;3157;50;100
3;SALG FANDANGOS 160G PRESUNTO;3292;24;36
6;SALG FANDANGOS 160G PRESUNTO;3292;12;24
11;SALG FANDANGOS 160G PRESUNTO;3292;12;24
12;SALG FANDANGOS 160G PRESUNTO;3292;24;36
13;SALG FANDANGOS 160G PRESUNTO;3292;12;24
17;SALG FANDANGOS 160G PRESUNTO;3292;12;24
18;SALG FANDANGOS 160G PRESUNTO;3292;12;24
2;SALG FANDANGOS 35G PRESUNTO;3291;112;168
3;SALG FANDANGOS 35G PRESUNTO;3291;112;168
4;SALG FANDANGOS 35G PRESUNTO;3291;56;112
5;SALG FANDANGOS 35G PRESUNTO;3291;56;112
6;SALG FANDANGOS 35G PRESUNTO;3291;56;112
7;SALG FANDANGOS 35G PRESUNTO;3291;56;112
8;SALG FANDANGOS 35G PRESUNTO;3291;56;112
11;SALG FANDANGOS 35G PRESUNTO;3291;56;112
12;SALG FANDANGOS 35G PRESUNTO;3291;112;168
13;SALG FANDANGOS 35G PRESUNTO;3291;56;112
14;SALG FANDANGOS 35G PRESUNTO;3291;56;112
17;SALG FANDANGOS 35G PRESUNTO;3291;56;112
18;SALG FANDANGOS 35G PRESUNTO;3291;56;112
2;SALG FANDANGOS 35G QUEIJO;3308;56;112
3;SALG FANDANGOS 35G QUEIJO;3308;56;112
4;SALG FANDANGOS 35G QUEIJO;3308;56;112
6;SALG FANDANGOS 35G QUEIJO;3308;56;112
11;SALG FANDANGOS 35G QUEIJO;3308;56;112
12;SALG FANDANGOS 35G QUEIJO;3308;56;112
13;SALG FANDANGOS 35G QUEIJO;3308;56;112
14;SALG FANDANGOS 35G QUEIJO;3308;56;112
18;SALG FANDANGOS 35G QUEIJO;3308;56;112
2;SALG JUMBITOS CHUR 55G;23358;20;30
3;SALG JUMBITOS CHUR 55G;23358;30;40
5;SALG JUMBITOS CHUR 55G;23358;20;30
6;SALG JUMBITOS CHUR 55G;23358;30;40
7;SALG JUMBITOS CHUR 55G;23358;20;30
8;SALG JUMBITOS CHUR 55G;23358;10;20
11;SALG JUMBITOS CHUR 55G;23358;10;20
12;SALG JUMBITOS CHUR 55G;23358;20;30
13;SALG JUMBITOS CHUR 55G;23358;20;30
17;SALG JUMBITOS CHUR 55G;23358;20;30
2;SALG JUMBITOS PRESUNTO 55G;23359;20;30
3;SALG JUMBITOS PRESUNTO 55G;23359;30;40
6;SALG JUMBITOS PRESUNTO 55G;23359;30;40
7;SALG JUMBITOS PRESUNTO 55G;23359;40;60
11;SALG JUMBITOS PRESUNTO 55G;23359;20;30
12;SALG JUMBITOS PRESUNTO 55G;23359;20;30
13;SALG JUMBITOS PRESUNTO 55G;23359;10;20
14;SALG JUMBITOS PRESUNTO 55G;23359;10;20
17;SALG JUMBITOS PRESUNTO 55G;23359;20;30
2;SALG JUMBITOS QJO 55G;23360;10;20
3;SALG JUMBITOS QJO 55G;23360;30;40
4;SALG JUMBITOS QJO 55G;23360;10;20
6;SALG JUMBITOS QJO 55G;23360;30;40
7;SALG JUMBITOS QJO 55G;23360;10;20
12;SALG JUMBITOS QJO 55G;23360;30;40
17;SALG JUMBITOS QJO 55G;23360;20;30
18;SALG JUMBITOS QJO 55G;23360;10;20
12;SALG JUMBITOS REQ 55G;23361;10;20
18;SALG JUMBITOS REQ 55G;23361;20;30
2;SALG KEVYTOS BATATA ONDULADA 40G;3185;30;60
3;SALG KEVYTOS BATATA ONDULADA 40G;3185;30;60
17;SALG KEVYTOS BATATA ONDULADA 40G;3185;30;60
13;SALG KLAIN CROCANTE 100G CHURRASCO;3275;9;12
17;SALG KLAIN CROCANTE 100G CHURRASCO;3275;18;24
3;SALG LAYS LISA 115G CLASSICA;3235;15;30
13;SALG LAYS LISA 115G CLASSICA;3235;15;30
14;SALG LAYS LISA 115G CLASSICA;3235;15;30
3;SALG LUA CHEETOS 143G PARMESAO;3341;12;24
12;SALG LUA CHEETOS 143G PARMESAO;3341;12;24
2;SALG LUA CHEETOS 35G PARMESAO;3312;56;112
3;SALG LUA CHEETOS 35G PARMESAO;3312;56;112
5;SALG LUA CHEETOS 35G PARMESAO;3312;56;112
6;SALG LUA CHEETOS 35G PARMESAO;3312;56;112
7;SALG LUA CHEETOS 35G PARMESAO;3312;56;112
8;SALG LUA CHEETOS 35G PARMESAO;3312;56;112
11;SALG LUA CHEETOS 35G PARMESAO;3312;56;112
12;SALG LUA CHEETOS 35G PARMESAO;3312;56;112
13;SALG LUA CHEETOS 35G PARMESAO;3312;56;112
14;SALG LUA CHEETOS 35G PARMESAO;3312;56;112
17;SALG LUA CHEETOS 35G PARMESAO;3312;56;112
18;SALG LUA CHEETOS 35G PARMESAO;3312;56;112
2;SALG MAIS KRO CEBOLA 100G;23380;30;40
3;SALG MAIS KRO CEBOLA 100G;23380;20;30
6;SALG MAIS KRO CEBOLA 100G;23380;20;30
12;SALG MAIS KRO CEBOLA 100G;23380;20;30
13;SALG MAIS KRO CEBOLA 100G;23380;20;30
17;SALG MAIS KRO CEBOLA 100G;23380;10;20
18;SALG MAIS KRO CEBOLA 100G;23380;10;20
2;SALG MAIS KRO CHURR 100G;23381;30;40
3;SALG MAIS KRO CHURR 100G;23381;20;30
4;SALG MAIS KRO CHURR 100G;23381;10;20
5;SALG MAIS KRO CHURR 100G;23381;10;20
6;SALG MAIS KRO CHURR 100G;23381;30;40
11;SALG MAIS KRO CHURR 100G;23381;10;20
12;SALG MAIS KRO CHURR 100G;23381;20;30
17;SALG MAIS KRO CHURR 100G;23381;10;20
2;SALG MAIS KRO PRESUNTO 100G;23382;40;60
3;SALG MAIS KRO PRESUNTO 100G;23382;30;40
4;SALG MAIS KRO PRESUNTO 100G;23382;20;30
5;SALG MAIS KRO PRESUNTO 100G;23382;10;20
6;SALG MAIS KRO PRESUNTO 100G;23382;30;40
7;SALG MAIS KRO PRESUNTO 100G;23382;40;60
8;SALG MAIS KRO PRESUNTO 100G;23382;10;20
11;SALG MAIS KRO PRESUNTO 100G;23382;20;30
12;SALG MAIS KRO PRESUNTO 100G;23382;20;30
13;SALG MAIS KRO PRESUNTO 100G;23382;20;30
17;SALG MAIS KRO PRESUNTO 100G;23382;20;30
18;SALG MAIS KRO PRESUNTO 100G;23382;20;30
2;SALG MAIS KRO QJO 100G;23383;20;30
3;SALG MAIS KRO QJO 100G;23383;20;30
5;SALG MAIS KRO QJO 100G;23383;10;20
6;SALG MAIS KRO QJO 100G;23383;20;30
12;SALG MAIS KRO QJO 100G;23383;10;20
17;SALG MAIS KRO QJO 100G;23383;10;20
2;SALG MAIS KRO REQ 100G;23384;10;20
3;SALG MAIS KRO REQ 100G;23384;30;40
11;SALG MAIS KRO REQ 100G;23384;10;20
13;SALG MAIS KRO REQ 100G;23384;10;20
18;SALG MAIS KRO REQ 100G;23384;10;20
2;SALG ONDA CHEETOS 160G REQUEIJAO;3342;12;24
3;SALG ONDA CHEETOS 160G REQUEIJAO;3342;24;36
5;SALG ONDA CHEETOS 160G REQUEIJAO;3342;12;24
6;SALG ONDA CHEETOS 160G REQUEIJAO;3342;12;24
11;SALG ONDA CHEETOS 160G REQUEIJAO;3342;24;36
12;SALG ONDA CHEETOS 160G REQUEIJAO;3342;24;36
13;SALG ONDA CHEETOS 160G REQUEIJAO;3342;12;24
14;SALG ONDA CHEETOS 160G REQUEIJAO;3342;12;24
17;SALG ONDA CHEETOS 160G REQUEIJAO;3342;12;24
18;SALG ONDA CHEETOS 160G REQUEIJAO;3342;12;24
2;SALG ONDA CHEETOS 40G REQUEIJAO;3311;112;168
3;SALG ONDA CHEETOS 40G REQUEIJAO;3311;112;168
4;SALG ONDA CHEETOS 40G REQUEIJAO;3311;56;112
5;SALG ONDA CHEETOS 40G REQUEIJAO;3311;56;112
6;SALG ONDA CHEETOS 40G REQUEIJAO;3311;112;168
7;SALG ONDA CHEETOS 40G REQUEIJAO;3311;56;112
8;SALG ONDA CHEETOS 40G REQUEIJAO;3311;56;112
11;SALG ONDA CHEETOS 40G REQUEIJAO;3311;56;112
12;SALG ONDA CHEETOS 40G REQUEIJAO;3311;112;168
13;SALG ONDA CHEETOS 40G REQUEIJAO;3311;56;112
14;SALG ONDA CHEETOS 40G REQUEIJAO;3311;56;112
17;SALG ONDA CHEETOS 40G REQUEIJAO;3311;56;112
18;SALG ONDA CHEETOS 40G REQUEIJAO;3311;56;112
2;SALG RECREIO 102G C 5 SORTIDO;33689;24;36
3;SALG RECREIO 102G C 5 SORTIDO;33689;36;48
4;SALG RECREIO 102G C 5 SORTIDO;33689;12;24
18;SALG RECREIO 102G C 5 SORTIDO;33689;12;24
3;SALG REDINHA YOKITOS 45G QUEIJO;3299;36;72
11;SALG REDINHA YOKITOS 45G QUEIJO;3299;36;72
3;SALG ROMENA 90G TRAD;3147;35;70
11;SALG ROMENA 90G TRAD;3147;35;70
8;SALG TAKIS INTENSE NACHO 56G;34820;8;11
13;SALG TAKIS INTENSE NACHO 56G;34820;13;17
17;SALG TAKIS INTENSE NACHO 56G;34820;41;54
3;SALG TORC CHUR 100G;23407;27;54
4;SALG TORC CHUR 100G;23407;27;54
5;SALG TORC CHUR 100G;23407;27;54
6;SALG TORC CHUR 100G;23407;27;54
12;SALG TORC CHUR 100G;23407;27;54
18;SALG TORC CHUR 100G;23407;27;54
2;SALG TORCIDA 35G BACON;3143;26;52
3;SALG TORCIDA 35G BACON;3143;52;78
4;SALG TORCIDA 35G BACON;3143;26;52
5;SALG TORCIDA 35G BACON;3143;52;78
6;SALG TORCIDA 35G BACON;3143;26;52
11;SALG TORCIDA 35G BACON;3143;26;52
12;SALG TORCIDA 35G BACON;3143;26;52
13;SALG TORCIDA 35G BACON;3143;26;52
14;SALG TORCIDA 35G BACON;3143;26;52
17;SALG TORCIDA 35G BACON;3143;26;52
18;SALG TORCIDA 35G BACON;3143;26;52
5;SALG TORCIDA 35G CAMARAO PIMENTA;3137;26;52
8;SALG TORCIDA 35G CAMARAO PIMENTA;3137;26;52
11;SALG TORCIDA 35G CAMARAO PIMENTA;3137;26;52
2;SALG TORCIDA 35G CEBOLA;3138;26;52
3;SALG TORCIDA 35G CEBOLA;3138;52;78
4;SALG TORCIDA 35G CEBOLA;3138;26;52
5;SALG TORCIDA 35G CEBOLA;3138;26;52
6;SALG TORCIDA 35G CEBOLA;3138;26;52
7;SALG TORCIDA 35G CEBOLA;3138;26;52
8;SALG TORCIDA 35G CEBOLA;3138;26;52
11;SALG TORCIDA 35G CEBOLA;3138;52;78
12;SALG TORCIDA 35G CEBOLA;3138;26;52
13;SALG TORCIDA 35G CEBOLA;3138;52;78
14;SALG TORCIDA 35G CEBOLA;3138;26;52
17;SALG TORCIDA 35G CEBOLA;3138;26;52
18;SALG TORCIDA 35G CEBOLA;3138;26;52
2;SALG TORCIDA 35G CHURRASCO;3144;52;78
3;SALG TORCIDA 35G CHURRASCO;3144;52;78
4;SALG TORCIDA 35G CHURRASCO;3144;26;52
5;SALG TORCIDA 35G CHURRASCO;3144;26;52
6;SALG TORCIDA 35G CHURRASCO;3144;26;52
8;SALG TORCIDA 35G CHURRASCO;3144;26;52
11;SALG TORCIDA 35G CHURRASCO;3144;52;78
12;SALG TORCIDA 35G CHURRASCO;3144;52;78
13;SALG TORCIDA 35G CHURRASCO;3144;26;52
14;SALG TORCIDA 35G CHURRASCO;3144;26;52
17;SALG TORCIDA 35G CHURRASCO;3144;26;52
18;SALG TORCIDA 35G CHURRASCO;3144;78;104
2;SALG TORCIDA 35G COSTELINHA LIM;3141;26;52
3;SALG TORCIDA 35G COSTELINHA LIM;3141;26;52
4;SALG TORCIDA 35G COSTELINHA LIM;3141;26;52
6;SALG TORCIDA 35G COSTELINHA LIM;3141;26;52
8;SALG TORCIDA 35G COSTELINHA LIM;3141;26;52
11;SALG TORCIDA 35G COSTELINHA LIM;3141;26;52
12;SALG TORCIDA 35G COSTELINHA LIM;3141;26;52
13;SALG TORCIDA 35G COSTELINHA LIM;3141;26;52
14;SALG TORCIDA 35G COSTELINHA LIM;3141;26;52
17;SALG TORCIDA 35G COSTELINHA LIM;3141;52;78
18;SALG TORCIDA 35G COSTELINHA LIM;3141;26;52
2;SALG TORCIDA 35G PAO DE ALHO;3140;26;52
3;SALG TORCIDA 35G PAO DE ALHO;3140;52;78
4;SALG TORCIDA 35G PAO DE ALHO;3140;26;52
5;SALG TORCIDA 35G PAO DE ALHO;3140;26;52
6;SALG TORCIDA 35G PAO DE ALHO;3140;26;52
7;SALG TORCIDA 35G PAO DE ALHO;3140;26;52
8;SALG TORCIDA 35G PAO DE ALHO;3140;26;52
11;SALG TORCIDA 35G PAO DE ALHO;3140;52;78
12;SALG TORCIDA 35G PAO DE ALHO;3140;26;52
13;SALG TORCIDA 35G PAO DE ALHO;3140;26;52
14;SALG TORCIDA 35G PAO DE ALHO;3140;26;52
17;SALG TORCIDA 35G PAO DE ALHO;3140;26;52
18;SALG TORCIDA 35G PAO DE ALHO;3140;26;52
2;SALG TORCIDA 35G PIMENTA MEXICAN;3136;26;52
3;SALG TORCIDA 35G PIMENTA MEXICAN;3136;26;52
8;SALG TORCIDA 35G PIMENTA MEXICAN;3136;26;52
11;SALG TORCIDA 35G PIMENTA MEXICAN;3136;26;52
12;SALG TORCIDA 35G PIMENTA MEXICAN;3136;26;52
14;SALG TORCIDA 35G PIMENTA MEXICAN;3136;26;52
2;SALG TORCIDA 35G QUEIJO;3142;26;52
3;SALG TORCIDA 35G QUEIJO;3142;52;78
4;SALG TORCIDA 35G QUEIJO;3142;26;52
5;SALG TORCIDA 35G QUEIJO;3142;26;52
6;SALG TORCIDA 35G QUEIJO;3142;26;52
7;SALG TORCIDA 35G QUEIJO;3142;26;52
8;SALG TORCIDA 35G QUEIJO;3142;26;52
11;SALG TORCIDA 35G QUEIJO;3142;52;78
12;SALG TORCIDA 35G QUEIJO;3142;52;78
13;SALG TORCIDA 35G QUEIJO;3142;26;52
14;SALG TORCIDA 35G QUEIJO;3142;26;52
17;SALG TORCIDA 35G QUEIJO;3142;26;52
18;SALG TORCIDA 35G QUEIJO;3142;26;52
2;SALG TORCIDA VINAGRETE 35G;3192;26;52
3;SALG TORCIDA VINAGRETE 35G;3192;26;52
4;SALG TORCIDA VINAGRETE 35G;3192;26;52
5;SALG TORCIDA VINAGRETE 35G;3192;26;52
6;SALG TORCIDA VINAGRETE 35G;3192;26;52
7;SALG TORCIDA VINAGRETE 35G;3192;26;52
8;SALG TORCIDA VINAGRETE 35G;3192;26;52
11;SALG TORCIDA VINAGRETE 35G;3192;52;78
12;SALG TORCIDA VINAGRETE 35G;3192;26;52
13;SALG TORCIDA VINAGRETE 35G;3192;52;78
14;SALG TORCIDA VINAGRETE 35G;3192;52;78
17;SALG TORCIDA VINAGRETE 35G;3192;26;52
2;SALG YOKITOS 54G ANEIS CEBOLA;3254;24;48
3;SALG YOKITOS 54G ANEIS CEBOLA;3254;24;48
7;SALG YOKITOS 54G ANEIS CEBOLA;3254;24;48
2;SALG YOKITOS CONCHINHA 54G PRESUNTO;3290;30;60
3;SALG YOKITOS CONCHINHA 54G PRESUNTO;3290;30;60
13;SARDINHA COQUEIRO 125G MOLHO DE TOMATE;2466;108;162
18;SARDINHA COQUEIRO 125G MOLHO DE TOMATE;2466;108;162
2;SARDINHA COQUEIRO 125G OLEO;2468;162;216
3;SARDINHA COQUEIRO 125G OLEO;2468;216;324
5;SARDINHA COQUEIRO 125G OLEO;2468;108;162
11;SARDINHA COQUEIRO 125G OLEO;2468;162;216
12;SARDINHA COQUEIRO 125G OLEO;2468;162;216
14;SARDINHA COQUEIRO 125G OLEO;2468;108;162
17;SARDINHA COQUEIRO 125G OLEO;2468;216;324
18;SARDINHA COQUEIRO 125G OLEO;2468;162;216
1;SARDINHA NAUTIQUE 125G OLEO;2448;200;300
2;SARDINHA NAUTIQUE 125G OLEO;2448;300;400
3;SARDINHA NAUTIQUE 125G OLEO;2448;550;750
4;SARDINHA NAUTIQUE 125G OLEO;2448;250;350
5;SARDINHA NAUTIQUE 125G OLEO;2448;200;300
6;SARDINHA NAUTIQUE 125G OLEO;2448;300;400
7;SARDINHA NAUTIQUE 125G OLEO;2448;250;350
8;SARDINHA NAUTIQUE 125G OLEO;2448;200;300
11;SARDINHA NAUTIQUE 125G OLEO;2448;400;550
12;SARDINHA NAUTIQUE 125G OLEO;2448;400;550
13;SARDINHA NAUTIQUE 125G OLEO;2448;350;500
18;SARDINHA NAUTIQUE 125G OLEO;2448;450;600
12;SC LIXO PRO LIXO ROLINHO 100L C 5;24102;25;50
13;SC LIXO PRO LIXO ROLINHO 100L C 5;24102;25;50
2;SC LIXO PRO LIXO ROLINHO 50L C 10;24105;25;50
3;SC LIXO PRO LIXO ROLINHO 50L C 10;24105;25;50
6;SC LIXO PRO LIXO ROLINHO 50L C 10;24105;25;50
12;SC LIXO PRO LIXO ROLINHO 50L C 10;24105;25;50
3;SEMENTE FELTRIN SALSA LISA;8130;9;12
11;SEMENTE FELTRIN SALSA LISA;8130;10;13
12;SEMENTE FELTRIN SALSA LISA;8130;12;16
3;SUCO KAPO 200ML LARANJA;661;132;180
17;SUCO KAPO 200ML LARANJA;661;36;48
4;SUCO KAPO 200ML MELANCIA;34951;24;36
5;SUCO KAPO 200ML MELANCIA;34951;24;36
7;SUCO KAPO 200ML MELANCIA;34951;36;48
14;SUCO KAPO 200ML MELANCIA;34951;24;36
17;SUCO KAPO 200ML MELANCIA;34951;24;36
3;TEMP BICARBONATO SODIO TOP FES 100G;3667;15;30
11;TEMP BICARBONATO SODIO TOP FES 100G;3667;30;45
14;TEMP BICARBONATO SODIO TOP FES 100G;3667;15;30
17;TEMP BICARBONATO SODIO TOP FES 100G;3667;15;30
3;TEMP CEBOLA ALHO SALSA CAMPERO 30G;3563;30;45
17;TEMP CEBOLA ALHO SALSA CAMPERO 30G;3563;15;30
3;TEMP CHIMICHURRI CAMPERO 30G;3566;45;60
4;TEMP CHIMICHURRI CAMPERO 30G;3566;15;30
11;TEMP CHIMICHURRI CAMPERO 30G;3566;30;45
12;TEMP CHIMICHURRI CAMPERO 30G;3566;15;30
14;TEMP CHIMICHURRI CAMPERO 30G;3566;15;30
3;TEMP COMPLETO NEILAR 250G S PIMENTA;3669;24;48
11;TEMP COMPLETO NEILAR 250G S PIMENTA;3669;24;48
17;TEMP COMPLETO NEILAR 250G S PIMENTA;3669;24;48
3;TEMP CRAVO INDIA TOP FEST 10G;3513;15;30
4;TEMP CRAVO INDIA TOP FEST 10G;3513;15;30
6;TEMP CRAVO INDIA TOP FEST 10G;3513;15;30
2;TEMP KITANO MAIS SABOR 60G CARNES;3716;48;96
5;TEMP KITANO MAIS SABOR 60G CARNES;3716;48;96
6;TEMP KITANO MAIS SABOR 60G CARNES;3716;48;96
11;TEMP KITANO MAIS SABOR 60G CARNES;3716;48;96
12;TEMP KITANO MAIS SABOR 60G CARNES;3716;48;96
17;TEMP KITANO MAIS SABOR 60G CARNES;3716;48;96
18;TEMP KITANO MAIS SABOR 60G CARNES;3716;48;96
2;TEMP MISTO CHIMICHURRI TOP FEST 10G;3502;15;30
3;TEMP MISTO CHIMICHURRI TOP FEST 10G;3502;30;45
6;TEMP MISTO CHIMICHURRI TOP FEST 10G;3502;45;60
12;TEMP MISTO CHIMICHURRI TOP FEST 10G;3502;15;30
2;TEMP OREGANO KITANO 10G;3544;24;48
3;TEMP OREGANO KITANO 10G;3544;24;48
2;TEMP OREGANO TOP FEST 50G;3602;30;45
3;TEMP OREGANO TOP FEST 50G;3602;30;45
4;TEMP OREGANO TOP FEST 50G;3602;15;30
6;TEMP OREGANO TOP FEST 50G;3602;15;30
11;TEMP OREGANO TOP FEST 50G;3602;30;45
12;TEMP OREGANO TOP FEST 50G;3602;30;45
14;TEMP OREGANO TOP FEST 50G;3602;15;30
2;TEMP OREGANO TOP FEST 8G;3517;15;30
3;TEMP OREGANO TOP FEST 8G;3517;45;60
5;TEMP OREGANO TOP FEST 8G;3517;15;30
7;TEMP OREGANO TOP FEST 8G;3517;15;30
14;TEMP OREGANO TOP FEST 8G;3517;15;30
2;TOAL SOCIAL PANOSUL 23X38CM;24984;24;48
17;TOAL SOCIAL PANOSUL 23X38CM;24984;24;48
13;TORRADA ISABELA 142G LIGHT;1641;32;64
17;TORRADA ISABELA 142G LIGHT;1641;32;64
4;TORRADA ISABELA 142G TRAD;1638;32;64
13;TORRADA ISABELA 142G TRAD;1638;32;64
3;WAFER PARATI MEGA 105G CHOC;1663;30;60
11;WAFER PARATI MEGA 105G CHOC;1663;30;60
14;WAFER PARATI MEGA 105G CHOC;1663;30;60
18;WAFER PARATI MEGA 105G CHOC;1663;30;60
6;WAFER PARATI MEGA 105G MORANGO;1662;30;60
11;WAFER PARATI MEGA 105G MORANGO;1662;30;60
13;WAFER PARATI MEGA 105G MORANGO;1662;30;60
18;WAFER PARATI MEGA 105G MORANGO;1662;30;60
4;WAFER PARATI MINUETO 81G CHOC AVELA;1654;72;108
6;WAFER PARATI MINUETO 81G CHOC AVELA;1654;72;108
11;WAFER PARATI MINUETO 81G CHOC AVELA;1654;108;144
1;WAFER PARATI MINUETO 81G MORANGO;1655;36;72
13;WAFER PARATI MINUETO 81G MORANGO;1655;108;144
