DEPARTAMENTO;COMPRADOR;CODIGO_EMPRESA;CODIGO_CONSINCO;descricao;STATUS_COMPRA;EMBL_COMPRA;EMBL_TRANSFERENCIA;QUANTIDADE_DISPONIVEL;QTD_PEND_PEDCOMPRA;QTD_VENDIDA_30D;QUANTIDADE_ESTOQUE_MINIMO;QUANTIDADE_ESTOQUE_MAXIMO;Pedir;Estq_CD_cx
BEBIDAS;NICOLAS AUGUSTO P. BORGES;2;213;CERV SKOL PILSEN LT 473ML;Ativo;12;12;1588;2160;11697;3900;5568;152;5280,33
BEBIDAS;NICOLAS AUGUSTO P. BORGES;2;179;CERVEJA ORIGINAL LT 473ML;Ativo;12;12;1970;0;2503;1992;2832;72;387
BEBIDAS;NICOLAS AUGUSTO P. BORGES;2;806;REFRIG FANTA LARANJA PET 2L;Ativo;8;8;58;632;1156;896;1344;82;4,5
MERCEARIA;WETER SONNENFELDET;2;2911;ACHOC LIQ ITALAC 200ML;Ativo;24;24;9;96;241;168;240;6;1204
MERCEARIA;WETER SONNENFELDET;2;2909;ACHOC LIQ SHOWKINHO 200ML;Ativo;27;27;50;270;2798;325;433;4;156,56
MERCEARIA;NIDAL TUBASI;2;2084;ARROZ BCO REQUINTE TP1 1KG;Ativo;30;30;43;0;233;60;90;2;27,43
MERCEARIA;NIDAL TUBASI;2;2118;ARROZ BCO SABOROSO TP1 2KG;Ativo;15;15;43;0;73;45;60;1;10,67
MERCEARIA;WETER SONNENFELDET;2;3400;BARRA CEREAL RITTER 25G BAN AVEIA MEL;Ativo;24;24;5;120;0;144;336;9;2
MERCEARIA;WETER SONNENFELDET;2;3374;COCO RALADO MENINA 100G UMIDO ADOCADO;Ativo;12;12;-23;0;3;48;72;6;3
MERCEARIA;NIDAL TUBASI;2;2747;FARINHA TRIGO ROSESOL 5KG;Ativo;5;5;17;5;22;31;41;4;100
MERCEARIA;NIDAL TUBASI;2;33442;LENTILHA JUREIA 500G;Ativo;12;12;280;0;0;288;408;11;208,92
MERCEARIA;NIDAL TUBASI;2;2382;LENTILHA YOKI TP2 400G;Ativo;16;16;26;32;478;80;112;3;79,56
MERCEARIA;WETER SONNENFELDET;2;20316;MACARRAO INST GERMANI 63G CARNE;Ativo;50;50;190;50;289;250;300;1;450,92
MERCEARIA;NIDAL TUBASI;2;2573;MOLHO TOM FUGINI SH 300G TRAD;Ativo;36;36;326;252;704;612;828;7;843,11
PERFUMARIA E LIMPEZA;JOAO BATISTA;2;37435;LAVA ROUPA SUPREMA AZUL 3L;Ativo;6;6;0;18;0;48;60;7;5
PERFUMARIA E LIMPEZA;JOAO BATISTA;2;37438;LAVA ROUPA SUPREMA VERDE 3L;Ativo;6;6;0;18;0;48;60;7;4
PRODUTOS PET;JOAO BATISTA;2;3976;ALIM CAO ALPO AD 10 1KG CAR FGO CER VEG;Ativo;1;1;-3;2;2;10;14;12;2
BEBIDAS;NICOLAS AUGUSTO P. BORGES;3;35;AGUA MINER AGUA DA PEDRA 500ML S GAS;Ativo;12;12;624;0;1640;672;876;21;652,25
BEBIDAS;NICOLAS AUGUSTO P. BORGES;3;81;AGUA TONICA ANTARCTICA LT 350ML;Ativo;12;12;4;12;118;24;36;2;7,5
BEBIDAS;NICOLAS AUGUSTO P. BORGES;3;413;AGUARDENTE KIKANA 790ML;Ativo;12;12;3;0;7;48;60;5;80,5
BEBIDAS;NICOLAS AUGUSTO P. BORGES;3;384;BEB MISTA TAMPICO 450ML FRUTAS CITRICAS;Ativo;12;12;-58;0;109;24;48;4;165,92
BEBIDAS;NICOLAS AUGUSTO P. BORGES;3;144;CERV AMSTEL LT 473ML LAGER;Ativo;12;12;1754;0;3560;1860;2640;74;2300,75
BEBIDAS;NICOLAS AUGUSTO P. BORGES;3;147;CERV ANTARCTICA PILSEN LT 473ML;Ativo;12;12;1466;948;3075;2640;2880;39;537,75
BEBIDAS;NICOLAS AUGUSTO P. BORGES;3;34496;CERV BELLAVISTA LT 473 ML PILSEN;Ativo;12;12;-1269;144;528;540;720;48;46
BEBIDAS;NICOLAS AUGUSTO P. BORGES;3;213;CERV SKOL PILSEN LT 473ML;Ativo;12;12;2972;0;17210;3900;5568;216;5280,33
BEBIDAS;NICOLAS AUGUSTO P. BORGES;3;282;CERVEJA MICHELOB LN 330ML ULTRA;Ativo;24;24;61;48;231;120;168;3;2
BEBIDAS;NICOLAS AUGUSTO P. BORGES;3;188;CERVEJA POLAR LT 473ML EXPORT;Ativo;12;12;393;0;1036;480;600;17;252,92
BEBIDAS;NICOLAS AUGUSTO P. BORGES;3;309;CERVEJA PROVINCIA LT 473ML ZERO MALZBIER;Ativo;12;12;252;0;52;360;468;18;78,33
BEBIDAS;NICOLAS AUGUSTO P. BORGES;3;207;CERVEJA SCHIN LT 473ML PILSEN;Ativo;12;12;0;84;7666;1920;2736;221;3239
BEBIDAS;NICOLAS AUGUSTO P. BORGES;3;439;ENERG BALY PET 2L TRAD S A;Ativo;6;6;-4;12;39;18;30;3;4
BEBIDAS;NICOLAS AUGUSTO P. BORGES;3;33732;ENERG RED BULL LT 250ML POMELO;Ativo;24;24;10;0;12;24;36;1;3
BEBIDAS;NICOLAS AUGUSTO P. BORGES;3;33730;ENERG RED BULL LT 250ML ZERO;Ativo;24;24;12;0;46;48;72;3;44
BEBIDAS;NICOLAS AUGUSTO P. BORGES;3;17566;ENERG RED BULL MELAO MARAC LT 250ML;Ativo;4;4;1;0;0;20;24;6;34,5
BEBIDAS;NICOLAS AUGUSTO P. BORGES;3;539;GATORADE 500ML LARANJA;Ativo;6;6;-32;0;137;42;60;10;109
BEBIDAS;NICOLAS AUGUSTO P. BORGES;3;34724;REFRE HAPPY TP 1L ABACAXI;Ativo;12;12;4;0;0;24;36;3;7
BEBIDAS;NICOLAS AUGUSTO P. BORGES;3;34718;REFRE HAPPY TP 1L PESSEGO;Ativo;12;12;-1;0;0;24;36;3;8
BEBIDAS;NICOLAS AUGUSTO P. BORGES;3;33872;REFRE HAPPY TP 200ML PESSEGO;Ativo;24;24;27;0;144;48;72;2;76
BEBIDAS;NICOLAS AUGUSTO P. BORGES;3;101;REFRE PO FRISCO 18G UVA;Ativo;180;180;0;0;330;180;360;2;7
BEBIDAS;NICOLAS AUGUSTO P. BORGES;3;182;REFRE PO GLUP 15G GUARANA;Ativo;60;60;178;0;9;840;1080;15;192,8
BEBIDAS;NICOLAS AUGUSTO P. BORGES;3;911;REFRIG ANTARCTICA GUARANA PET 200ML ZERO;Ativo;12;12;-58;120;408;132;180;5;77
BEBIDAS;NICOLAS AUGUSTO P. BORGES;3;786;REFRIG ANTARCTICA GUARANA PET 2L ZERO;Ativo;8;8;399;0;644;424;600;25;229
BEBIDAS;NICOLAS AUGUSTO P. BORGES;3;769;REFRIG FRUKI GUARANA PET 200ML GUARANA;Ativo;12;12;66;228;514;360;480;16;420,08
BEBIDAS;NICOLAS AUGUSTO P. BORGES;3;817;REFRIG FRUKI GUARANA ZR PET 2L GUARANA ZERO;Ativo;6;6;65;0;61;72;96;5;238,67
BEBIDAS;NICOLAS AUGUSTO P. BORGES;3;903;REFRIG PEPSI BLACK LT 350ML;Ativo;12;12;-66;0;1369;168;228;19;322,17
BEBIDAS;NICOLAS AUGUSTO P. BORGES;3;840;REFRIG PEPSI PET 3L;Ativo;4;4;183;236;1007;448;640;55;153,5
BEBIDAS;NICOLAS AUGUSTO P. BORGES;3;829;REFRIG SODA LIMONADA PET 2L;Ativo;8;8;11;8;45;24;32;2;3
BEBIDAS;NICOLAS AUGUSTO P. BORGES;3;780;REFRIG SPRITE PET 200ML;Ativo;12;12;-230;0;2083;72;96;8;9
BEBIDAS;NICOLAS AUGUSTO P. BORGES;3;833;REFRIG SUKITA PET 2L UVA;Ativo;8;8;13;56;116;96;128;7;44,88
BEBIDAS;NICOLAS AUGUSTO P. BORGES;3;24382;SIDRA GOTA PRATA ROSE S ALCO 660ML;Ativo;12;12;12;0;39;24;48;3;11
BEBIDAS;NICOLAS AUGUSTO P. BORGES;3;279;VH QUINTA CARVALHO TINTO 750ML SV;Ativo;12;12;-27;48;243;120;144;8;183
BEBIDAS;NICOLAS AUGUSTO P. BORGES;3;33784;VODKA NINNOFF VD 900ML ORIGINAL;Ativo;6;6;9;6;29;18;24;2;69,5
MERCEARIA;WETER SONNENFELDET;3;2911;ACHOC LIQ ITALAC 200ML;Ativo;24;24;52;264;672;336;456;6;1204
MERCEARIA;WETER SONNENFELDET;3;2913;ACHOC LIQ NESCAU 180ML ACTIC GO;Ativo;27;27;453;0;291;595;784;12;4
MERCEARIA;WETER SONNENFELDET;3;2958;ACHOC PO NESCAU SH 730G ACTIV GO;Ativo;12;12;8;0;44;36;48;3;7
MERCEARIA;NIDAL TUBASI;3;3720;ALHO EM PASTA ALHOSTIN 200G;Ativo;24;24;23;0;35;24;48;1;5,38
MERCEARIA;NIDAL TUBASI;3;2158;ARROZ BCO TRIVIAL TP2 5KG;Ativo;6;6;170;0;330;180;200;5;77
MERCEARIA;WETER SONNENFELDET;3;3011;AVEIA FLOCOS FINOS NATURALE 1KG;Ativo;12;12;2;0;67;12;24;2;17
MERCEARIA;NIDAL TUBASI;3;949;AZEITE OLIV COCINERO EXT VIRG 500ML;Ativo;12;12;1;12;213;24;36;2;19
MERCEARIA;NIDAL TUBASI;3;2339;AZEITONA VDE V FERTIL SH 150G RECH;Ativo;24;24;7;0;70;18;42;2;2
MERCEARIA;NIDAL TUBASI;3;2321;AZEITONA VERDE VALE FERTIL SH 100G C CAROCO;Ativo;24;24;1;0;71;48;72;3;6
MERCEARIA;NIDAL TUBASI;3;2328;AZEITONA VERDE VALE FERTIL SH 120G FATIADA;Ativo;24;24;4;0;72;48;96;4;2
MERCEARIA;WETER SONNENFELDET;3;3405;BARRA CEREAL RITTER 22G BRIGADEIRO;Ativo;24;24;82;0;51;120;144;3;6
MERCEARIA;WETER SONNENFELDET;3;3400;BARRA CEREAL RITTER 25G BAN AVEIA MEL;Ativo;24;24;33;0;7;192;384;15;2
MERCEARIA;WETER SONNENFELDET;3;3372;BARRA CEREAL RITTER 25G MORANGO CHOC;Ativo;24;24;113;0;24;120;144;1;6
MERCEARIA;WETER SONNENFELDET;3;3562;BEBIDA 3 CORACOES POWER WHEY 250ML CLASSICO;Ativo;12;12;9;0;55;10;22;1;7
MERCEARIA;WETER SONNENFELDET;3;1019;BISC AGUA E SAL GERMANI 690G;Ativo;10;10;8;30;128;48;60;2;173,4
MERCEARIA;WETER SONNENFELDET;3;1405;BISC LEITE GERMANI ROSCA 300G;Ativo;20;20;-2;0;96;20;40;2;37,05
MERCEARIA;WETER SONNENFELDET;3;1423;BISC MARIA GERMANI 690G;Ativo;10;10;-6;20;155;48;72;5;85,8
MERCEARIA;WETER SONNENFELDET;3;994;BISC MUCILON LANCHINHO 35G LAR BAN;Ativo;15;15;63;0;3;91;121;4;2
MERCEARIA;WETER SONNENFELDET;3;1528;BISC RECH ISABELA MOUSSE 130G CHOC AO LEITE;Ativo;50;50;98;0;168;100;150;1;27
MERCEARIA;WETER SONNENFELDET;3;1479;BISC RECH TORTUGUITA 120G CHOC;Ativo;56;56;45;0;75;56;112;1;43,96
MERCEARIA;WETER SONNENFELDET;3;1606;BISC SALG CLUB SOCIAL 6UN 144G ORIGINAL;Ativo;44;44;17;44;154;88;132;2;17
MERCEARIA;WETER SONNENFELDET;3;15141;CAFE 3 CORACOES DRIP GOU PORTINARI SC 10G;Ativo;10;10;73;10;185;90;210;13;46,1
MERCEARIA;WETER SONNENFELDET;3;2031;CAFE SOL 3C CAPPUCCINO SH 20G CANELA;Ativo;16;16;-25;0;0;50;100;6;2,38
MERCEARIA;WETER SONNENFELDET;3;2030;CAFE SOL 3C CAPPUCCINO SH 20G CLASSIC;Ativo;16;16;-9;0;67;50;100;6;19,5
MERCEARIA;WETER SONNENFELDET;3;2079;CAFE SOL BOM JESUS SH 40G FORTE;Ativo;24;24;40;24;54;72;96;1;107,92
MERCEARIA;WETER SONNENFELDET;3;1871;CAFE SOL NESCAFE SH 250G GOLD EQUILIBRADO;Ativo;12;12;-25;0;23;10;22;2;13
MERCEARIA;WETER SONNENFELDET;3;2139;CAFE SOL NESCAFE VD 160G TRADICAO FORTE;Ativo;12;12;-154;0;332;72;96;8;102
MERCEARIA;WETER SONNENFELDET;3;1998;CAFE VACUO 3C 250G TRAD;Ativo;20;20;-1;0;103;60;80;4;38,7
MERCEARIA;WETER SONNENFELDET;3;2016;CAFE VACUO 3C TORRADO MOIDO 500G TRAD;Ativo;20;20;97;20;203;400;600;24;32
MERCEARIA;WETER SONNENFELDET;3;2027;CAFE VACUO MELITTA 250G EXTRA FORTE;Ativo;20;20;-17;0;77;40;60;3;6
MERCEARIA;WETER SONNENFELDET;3;2020;CAFE VACUO MELITTA 500G EXTRA FORTE;Ativo;20;20;0;20;106;60;80;3;35,2
MERCEARIA;WETER SONNENFELDET;3;2229;CAPSULA DOLCE GUSTO 70G C 10 LUNGO;Ativo;6;6;8;0;4;12;18;2;2
MERCEARIA;WETER SONNENFELDET;3;3045;CEREAL MAT KELLOGGS LV240G PG200G SUCRILHOS;Ativo;36;36;26;0;13;36;72;1;9,94
MERCEARIA;WETER SONNENFELDET;3;2657;CEREAL MUCILON SH 180G MULTICEREAIS;Ativo;12;12;-4;0;0;36;48;4;5
MERCEARIA;WETER SONNENFELDET;3;2103;CHA PRENDA 17G PRETO C LIMAO;Ativo;20;20;-23;0;78;16;36;2;3,8
MERCEARIA;WETER SONNENFELDET;3;2164;CHA PRENDA MATE 40G NATURAL;Ativo;20;20;10;20;54;40;60;2;9
MERCEARIA;WETER SONNENFELDET;3;1740;CHICLE FREEGELLS GUM 8G MORANGO;Ativo;15;15;24;0;41;31;46;2;612,6
MERCEARIA;WETER SONNENFELDET;3;1238;CHOC BARRA NEUGEBAUER 80G MEIO AMARGO;Ativo;64;64;-231;64;349;128;192;2;28,75
MERCEARIA;WETER SONNENFELDET;3;3213;CHOC GRAN DORI 120G COLORIDO;Ativo;30;30;80;0;42;90;120;1;25
MERCEARIA;WETER SONNENFELDET;3;3062;CHOCOLATE PO NEILAR 200G;Ativo;24;24;-5;0;0;24;48;2;20,96
MERCEARIA;WETER SONNENFELDET;3;3374;COCO RALADO MENINA 100G UMIDO ADOCADO;Ativo;12;12;0;0;27;24;48;4;3
MERCEARIA;WETER SONNENFELDET;3;2487;DOCE DIFRUTTI 400G GOIABA;Ativo;12;12;0;0;12;10;22;2;9,83
MERCEARIA;WETER SONNENFELDET;3;2482;DOCE DIFRUTTI 400G MORANGO;Ativo;12;12;0;0;2;12;24;2;4,42
MERCEARIA;WETER SONNENFELDET;3;2498;DOCE SORO DE LEITE DA SERRA PT 400G;Ativo;12;12;0;0;0;48;60;5;8,92
MERCEARIA;NIDAL TUBASI;3;2374;DUETO ODERICH ERVIL CENOURA LT 200G;Ativo;24;24;49;0;66;72;120;3;30
MERCEARIA;NIDAL TUBASI;3;837;ERVILHA ODERICH LT 2KG;Ativo;6;6;1;0;0;6;12;2;5
MERCEARIA;NIDAL TUBASI;3;2369;ERVILHA OLE LT 170G;Ativo;24;24;61;0;350;336;456;17;99,71
MERCEARIA;NIDAL TUBASI;3;2555;EXTRATO TOM ELEFANTE PT 300G SEM SAL;Ativo;24;24;55;24;55;96;120;2;89,08
MERCEARIA;NIDAL TUBASI;3;937;EXTRATO TOM ELEFANTE TP 1 04KG;Ativo;12;12;-2;0;52;60;72;6;520
MERCEARIA;NIDAL TUBASI;3;2745;FARINHA TRIGO MARIA INES 1KG;Ativo;10;10;0;0;2886;950;1350;135;1586,9
MERCEARIA;NIDAL TUBASI;3;2747;FARINHA TRIGO ROSESOL 5KG;Ativo;5;5;26;0;37;41;56;6;100
MERCEARIA;NIDAL TUBASI;3;2348;FEIJAO PRETO ARBAZA TP1 1KG;Ativo;30;30;137;0;1744;150;210;3;11,4
MERCEARIA;NIDAL TUBASI;3;2391;FEIJOADA ODERICH 420G;Ativo;24;24;8;0;28;18;42;2;24
MERCEARIA;WETER SONNENFELDET;3;3622;GELATINA NEILAR 20G FRAMBOESA;Ativo;48;48;43;0;280;96;144;2;191,96
MERCEARIA;WETER SONNENFELDET;3;3629;GELATINA NEILAR 20G UVA;Ativo;48;48;368;0;362;432;576;4;104,96
MERCEARIA;WETER SONNENFELDET;3;3223;GELATINA ZERO APTI 12G FTAS VRM;Ativo;18;18;67;0;83;72;90;1;5,78
MERCEARIA;WETER SONNENFELDET;3;19028;GELATINA ZERO NEILAR 12G ABACAXI;Ativo;24;24;50;0;51;72;96;2;28,88
MERCEARIA;WETER SONNENFELDET;3;19030;GELATINA ZERO NEILAR 12G MOR;Ativo;24;24;62;0;103;72;96;2;11,96
MERCEARIA;WETER SONNENFELDET;3;2475;GOIABADA VAL 300G;Ativo;36;36;-79;0;452;72;108;3;51,22
MERCEARIA;NIDAL TUBASI;3;2480;KETCHUP FUGINI SH 300G TRAD;Ativo;36;36;-31;0;57;72;108;3;38,89
MERCEARIA;NIDAL TUBASI;3;2516;KETCHUP HEINZ 397G TRAD;Ativo;16;16;11;0;16;16;32;1;6
MERCEARIA;NIDAL TUBASI;3;2491;KETCHUP ODERICH BISNAG 200G TRAD;Ativo;24;24;-9;0;431;168;240;10;12
MERCEARIA;NIDAL TUBASI;3;2484;KETCHUP ODERICH SH 200G;Ativo;24;24;-58;0;850;120;144;6;33
MERCEARIA;NIDAL TUBASI;3;805;KETCHUP ODERICH SH 7G C 140 UN;Ativo;1;1;2;0;1;9;12;10;27
MERCEARIA;NIDAL TUBASI;3;31251;KETCHUP TRAD VAL 1 010K;Ativo;9;9;-59;0;17;27;36;4;168,11
MERCEARIA;WETER SONNENFELDET;3;3654;LEITE COCO MENINA VD 200ML;Ativo;24;24;19;24;125;72;96;2;15,71
MERCEARIA;WETER SONNENFELDET;3;3657;LEITE COCO TRISANTI 200ML;Ativo;12;12;-65;0;179;12;24;2;11
MERCEARIA;WETER SONNENFELDET;3;2710;LEITE PO CCGL INTEGRAL SH 200G INSTANTANEO;Ativo;50;50;21;0;3;50;100;2;4
MERCEARIA;WETER SONNENFELDET;3;2713;LEITE PO CCGL INTEGRAL SH 400G INSTANTANEO;Ativo;25;25;-16;0;60;19;44;2;2
MERCEARIA;WETER SONNENFELDET;3;2668;LEITE PO ELEGE DESNATADO SH 400G;Ativo;25;25;-2;0;55;19;44;2;20
MERCEARIA;WETER SONNENFELDET;3;2724;LEITE PO ELEGE INTEGRAL SH 400G;Ativo;25;25;-46;0;266;75;100;4;103
MERCEARIA;WETER SONNENFELDET;3;20321;MAC INST ISABELA 70G GAL CA ZR FRIT;Ativo;50;50;67;50;166;150;200;2;5
MERCEARIA;WETER SONNENFELDET;3;20344;MAC INST NISSIN 85G CARNE TOMATE;Ativo;50;50;0;0;130;38;88;2;16,98
MERCEARIA;WETER SONNENFELDET;3;34884;MAC INST NISSIN CHICO BENTO 75G CH B CARNE BAT;Ativo;50;50;25;0;52;38;88;1;16
MERCEARIA;WETER SONNENFELDET;3;2735;MACARRAO CUP NOODLES 70G YAKISSOBA;Ativo;24;24;9;0;19;24;48;2;10,83
MERCEARIA;WETER SONNENFELDET;3;2732;MACARRAO CUP NOODLES 72G TERIYAKI;Ativo;24;24;13;0;30;24;48;2;11,04
MERCEARIA;WETER SONNENFELDET;3;20316;MACARRAO INST GERMANI 63G CARNE;Ativo;50;50;372;0;891;400;550;4;450,92
MERCEARIA;WETER SONNENFELDET;3;2809;MACARRAO INST NISSIN ESP 500G T5;Ativo;20;20;3;0;26;20;40;2;18,35
MERCEARIA;NIDAL TUBASI;3;2852;MAIONESE HEINZ PET 390G;Ativo;16;16;5;32;26;64;80;3;7,06
MERCEARIA;NIDAL TUBASI;3;2832;MAIONESE ODERICH 220G CASEIRA;Ativo;12;12;-2;0;6;10;22;2;7
MERCEARIA;NIDAL TUBASI;3;2813;MAIONESE ODERICH PRE 220G LIMAO;Ativo;12;12;8;0;17;24;36;2;6
MERCEARIA;NIDAL TUBASI;3;2754;MAIONESE ODERICH SH 200G LIGHT;Ativo;24;24;7;0;91;18;42;2;17
MERCEARIA;WETER SONNENFELDET;3;2818;MASSA C OVOS STA FELICIDADE 500G PARAFUSO;Ativo;20;20;508;0;2505;600;840;17;288,9
MERCEARIA;WETER SONNENFELDET;3;20611;MASSA SEMOLA GERMANI 1KG ESPAG;Ativo;10;10;38;0;28;40;50;1;3,3
MERCEARIA;WETER SONNENFELDET;3;33372;MIST P BOLO APTI 380G CHOC C MOR;Ativo;12;12;14;0;0;24;36;2;55,92
MERCEARIA;WETER SONNENFELDET;3;3704;MIST P BOLO APTI 400G CHOC;Ativo;12;12;2;36;430;120;144;9;140,17
MERCEARIA;WETER SONNENFELDET;3;3707;MIST P BOLO APTI 400G LARANJA;Ativo;12;12;-31;0;12;60;72;6;46,83
MERCEARIA;WETER SONNENFELDET;3;3712;MIST P BOLO APTI 400G QUATRO LEITES;Ativo;12;12;9;0;62;36;48;3;4,75
MERCEARIA;WETER SONNENFELDET;3;3719;MIST P BOLO APTI PREMIUM 400G CHOC;Ativo;6;6;0;0;0;18;24;4;12
MERCEARIA;WETER SONNENFELDET;3;3789;MIST P BOLO ORQUIDEA 350G LARANJA;Ativo;12;12;44;0;87;48;60;1;9,83
MERCEARIA;NIDAL TUBASI;3;21038;MOL BARBECUE ODERICH PREMIUM 400G;Ativo;12;12;6;0;0;12;24;2;4
MERCEARIA;NIDAL TUBASI;3;2736;MOLHO ALHO ADIGEL GF 900ML;Ativo;12;12;-1;0;0;24;36;3;21
MERCEARIA;NIDAL TUBASI;3;2885;MOLHO ELEGE 4 QUEIJOS 200G;Ativo;24;24;29;24;233;72;96;2;2,04
MERCEARIA;NIDAL TUBASI;3;2584;MOLHO TOM FUGINI SH 300G PIZZA;Ativo;36;36;-23;0;67;28;64;2;7,44
MERCEARIA;NIDAL TUBASI;3;921;MOLHO TOM ODERICH PASSATA LT 850G;Ativo;12;12;4;0;40;10;22;2;11,25
MERCEARIA;NIDAL TUBASI;3;2606;MOLHO TOM ODERICH SH 1 010G TRAD;Ativo;12;12;-21;0;68;60;72;6;604,5
MERCEARIA;NIDAL TUBASI;3;21118;MOLHO TOM TARANTELLA PIZZA SH 1 7KG;Ativo;6;6;14;0;9;18;24;2;35
MERCEARIA;NIDAL TUBASI;3;33468;MOLHO TOMATE HEINZ 240G C PEDACOS;Ativo;32;32;47;0;62;96;128;3;20
MERCEARIA;NIDAL TUBASI;3;3099;MOSTARDA ODERICH PREM 250G DIJON;Ativo;12;12;4;0;0;10;22;2;3
MERCEARIA;WETER SONNENFELDET;3;1837;PAST DOCILE ROLLY MINTY 29G FRUIT;Ativo;12;12;9;0;3;36;48;3;421
MERCEARIA;WETER SONNENFELDET;3;1838;PAST DOCILE ROLLY MINTY 29G HORTELA;Ativo;12;12;6;0;2;12;36;3;141,33
MERCEARIA;WETER SONNENFELDET;3;1839;PAST DOCILE ROLLY MINTY 29G MORANGO;Ativo;12;12;1;0;1;24;36;3;56,08
MERCEARIA;NIDAL TUBASI;3;2420;PATE ODERICH LT 100G FIGADO;Ativo;24;24;1;0;22;24;48;2;33
MERCEARIA;NIDAL TUBASI;3;2422;PATE ODERICH LT 100G PRESUNTO;Ativo;24;24;13;0;45;24;48;2;42
MERCEARIA;NIDAL TUBASI;3;2416;PEPINO CONSERVA DA SERRA SH 150G;Ativo;12;12;-29;0;0;60;84;7;11
MERCEARIA;NIDAL TUBASI;3;2429;PEPINO CONSERVA NUTRIOURO VD 300G;Ativo;15;15;23;15;524;105;150;8;293,6
MERCEARIA;NIDAL TUBASI;3;2447;PEPINO CONSERVA ODERICH VD 300G TRAD;Ativo;15;15;5;0;26;11;26;1;7,93
MERCEARIA;NIDAL TUBASI;3;2439;POPCORN YOKI 100G NATURAL;Ativo;36;36;44;0;41;48;72;1;3
MERCEARIA;WETER SONNENFELDET;3;22633;QJO RAL KIFORMAGGIO TRAD 40G;Ativo;75;75;41;0;1;57;132;1;13,03
MERCEARIA;WETER SONNENFELDET;3;22630;QJO RALADO DA SERRA 40G;Ativo;75;75;65;150;1354;225;300;1;15
MERCEARIA;WETER SONNENFELDET;3;3180;SALG ALFITOS 35G BACON;Ativo;30;30;-19;0;50;22;52;2;88,87
MERCEARIA;WETER SONNENFELDET;3;3283;SALG KEVYTOS SHOW 38G PIZZA;Ativo;20;20;-17;20;120;60;80;3;7
MERCEARIA;WETER SONNENFELDET;3;3287;SALG KEVYTOS SHOW 38G PRESUNTO;Ativo;20;20;-52;60;136;80;100;2;25,15
MERCEARIA;WETER SONNENFELDET;3;23371;SALG KRUKS 35G CHURRASCO;Ativo;10;10;-126;0;259;30;40;4;9,1
MERCEARIA;WETER SONNENFELDET;3;3272;SALG OBBA 100G PICANHA;Ativo;10;10;2;0;4;30;50;5;36,3
MERCEARIA;NIDAL TUBASI;3;2428;SALSICHA HOT DOG ODERICH 230G;Ativo;24;24;-2;0;20;24;48;2;19
MERCEARIA;NIDAL TUBASI;3;2436;SALSICHA VIENA ODERICH 180G;Ativo;24;24;3;0;18;72;96;4;27
MERCEARIA;NIDAL TUBASI;3;2468;SARDINHA COQUEIRO 125G OLEO;Ativo;54;54;-37;0;1545;108;162;3;4
MERCEARIA;NIDAL TUBASI;3;2467;SELETA LEGUMES FUGINI SH 170G;Ativo;36;36;-31;0;31;28;64;2;84,75
MERCEARIA;NIDAL TUBASI;3;2469;SELETA LEGUMES ODERICH LT 200G;Ativo;24;24;14;0;40;96;120;5;32
MERCEARIA;WETER SONNENFELDET;3;1014;TEMP COMPLETO ODERICH 1KG S PIMENTA;Ativo;12;12;11;0;54;12;24;1;2
MERCEARIA;WETER SONNENFELDET;3;3790;VINAGRE VINHO KOLLER 500ML TINTO;Ativo;12;12;-24;0;28;12;24;2;54
MERCEARIA;WETER SONNENFELDET;3;1661;WAFFER ISABELA 100G CHOC BRANCO;Ativo;40;40;46;40;774;400;520;11;829
MERCEARIA;WETER SONNENFELDET;3;1659;WAFFER ISABELA 100G MORANGO;Ativo;40;40;263;160;267;480;520;3;44
PERFUMARIA E LIMPEZA;JOAO BATISTA;3;8858;AP PROBAK II 2UN;Ativo;14;14;-173;70;93;96;120;4;199
PERFUMARIA E LIMPEZA;JOAO BATISTA;3;8865;AROMAT COALA CONC 120ML CITRONELA;Ativo;24;24;13;72;50;96;120;2;7
PERFUMARIA E LIMPEZA;JOAO BATISTA;3;15585;CARGA GILLETTE MACH3 C 2;Ativo;1;1;-45;0;35;24;32;32;5249
PERFUMARIA E LIMPEZA;JOAO BATISTA;3;9272;DES SANIT PATO GEL ADES PROM RF 38G LAVANDA;Ativo;24;24;3;0;16;7;13;1;3
PERFUMARIA E LIMPEZA;JOAO BATISTA;3;18735;FRALDA DESC BABYSEC ULTSEC MEGA XXG 28 UN;Ativo;6;6;15;0;12;16;18;1;22
PERFUMARIA E LIMPEZA;JOAO BATISTA;3;37435;LAVA ROUPA SUPREMA AZUL 3L;Ativo;6;6;0;42;0;60;72;5;5
PERFUMARIA E LIMPEZA;JOAO BATISTA;3;37438;LAVA ROUPA SUPREMA VERDE 3L;Ativo;6;6;0;42;0;60;72;5;4
PERFUMARIA E LIMPEZA;JOAO BATISTA;3;7808;SABAO PO BRILHANTE 1 6KG LIMPEZA TOTAL;Ativo;9;9;13;18;49;41;59;3;4
PERFUMARIA E LIMPEZA;JOAO BATISTA;3;7844;SABAO PO OMO 2 2KG LAV PERFEITA;Ativo;9;9;0;18;72;19;28;1;2
PERFUMARIA E LIMPEZA;JOAO BATISTA;3;8352;SH SEDA 325ML CERAMIDAS;Ativo;12;12;58;0;39;60;72;1;47
PERFUMARIA E LIMPEZA;JOAO BATISTA;3;8552;TALCO ALMA DE FLORES 100G;Ativo;12;12;-4;0;1;10;22;2;2
PERFUMARIA E LIMPEZA;JOAO BATISTA;3;24638;TCO CORP JAYLUC 80G JASMIN;Ativo;12;12;-1;0;17;10;22;2;7
PRODUTOS PET;JOAO BATISTA;3;3976;ALIM CAO ALPO AD 10 1KG CAR FGO CER VEG;Ativo;1;1;2;4;2;10;14;8;2
PRODUTOS PET;JOAO BATISTA;3;6290;GRANULADO HIGIENICO PIPICAT 4KG FLORAL;Ativo;6;6;9;12;39;24;30;2;139
BEBIDAS;NICOLAS AUGUSTO P. BORGES;4;50;AGUA MIN AGUA DA PEDRA PET 5L S GAS;Ativo;4;4;6;16;88;28;40;5;522,75
BEBIDAS;NICOLAS AUGUSTO P. BORGES;4;213;CERV SKOL PILSEN LT 473ML;Ativo;12;12;693;0;3221;1714;2230;128;5280,33
BEBIDAS;NICOLAS AUGUSTO P. BORGES;4;169;CERVEJA HEINEKEN LT 473ML;Ativo;12;12;72;108;267;244;328;12;873,08
BEBIDAS;NICOLAS AUGUSTO P. BORGES;4;806;REFRIG FANTA LARANJA PET 2L;Ativo;8;8;72;104;456;280;368;24;4,5
MERCEARIA;WETER SONNENFELDET;4;2911;ACHOC LIQ ITALAC 200ML;Ativo;24;24;126;0;85;144;192;3;1204
MERCEARIA;WETER SONNENFELDET;4;2913;ACHOC LIQ NESCAU 180ML ACTIC GO;Ativo;27;27;29;0;56;87;114;3;4
MERCEARIA;NIDAL TUBASI;4;2098;ARROZ BCO OESTE TP1 2KG;Ativo;15;15;2;0;36;15;30;2;50,6
MERCEARIA;NIDAL TUBASI;4;2096;ARROZ BCO SANO TP1 2KG;Ativo;15;15;29;0;165;39;54;2;89,4
MERCEARIA;WETER SONNENFELDET;4;3400;BARRA CEREAL RITTER 25G BAN AVEIA MEL;Ativo;24;24;0;0;0;144;336;14;2
MERCEARIA;WETER SONNENFELDET;4;2031;CAFE SOL 3C CAPPUCCINO SH 20G CANELA;Ativo;16;16;19;16;39;50;100;4;2,38
MERCEARIA;WETER SONNENFELDET;4;1746;CHICLE FREEGELLS GUM 8G MELANCIA;Ativo;15;15;8;0;37;11;26;1;2
MERCEARIA;WETER SONNENFELDET;4;3374;COCO RALADO MENINA 100G UMIDO ADOCADO;Ativo;12;12;2;0;22;32;56;5;3
MERCEARIA;NIDAL TUBASI;4;3843;EXTRATO TOM CAJAMAR LT 350G;Ativo;24;24;248;0;419;260;356;5;987,58
MERCEARIA;NIDAL TUBASI;4;2747;FARINHA TRIGO ROSESOL 5KG;Ativo;5;5;13;0;5;15;20;1;100
MERCEARIA;WETER SONNENFELDET;4;2668;LEITE PO ELEGE DESNATADO SH 400G;Ativo;25;25;10;0;38;19;44;1;20
MERCEARIA;NIDAL TUBASI;4;2398;MILHO VERDE ODERICH LT 200G;Ativo;24;24;134;0;253;140;188;2;9,54
MERCEARIA;WETER SONNENFELDET;4;3682;MIST LACTEA COND TRIANGULO TP 395G;Ativo;27;27;117;81;692;233;314;4;165,15
MERCEARIA;NIDAL TUBASI;4;2573;MOLHO TOM FUGINI SH 300G TRAD;Ativo;36;36;391;0;672;396;540;4;843,11
MERCEARIA;NIDAL TUBASI;4;2468;SARDINHA COQUEIRO 125G OLEO;Ativo;54;54;15;0;307;54;108;2;4
MERCEARIA;WETER SONNENFELDET;4;1014;TEMP COMPLETO ODERICH 1KG S PIMENTA;Ativo;12;12;9;0;7;10;22;1;2
BEBIDAS;NICOLAS AUGUSTO P. BORGES;5;12275;AGUA MIN AGUA DA PEDRA LT 350ML PESSEGO;Ativo;12;12;11;0;11;12;24;1;11,75
BEBIDAS;NICOLAS AUGUSTO P. BORGES;5;33;AGUA MIN SARANDI PET 2 L S GAS;Ativo;8;8;17;0;29;24;32;2;185,12
BEBIDAS;NICOLAS AUGUSTO P. BORGES;5;36;AGUA MINERAL CRYSTAL C G 500ML;Ativo;12;12;-22;312;1462;442;586;23;7,92
BEBIDAS;NICOLAS AUGUSTO P. BORGES;5;144;CERV AMSTEL LT 473ML LAGER;Ativo;12;12;39;264;652;320;416;10;2300,75
BEBIDAS;NICOLAS AUGUSTO P. BORGES;5;145;CERV ANTARCTICA SUBZERO LT 473ML;Ativo;12;12;35;96;804;262;346;18;1257,33
BEBIDAS;NICOLAS AUGUSTO P. BORGES;5;213;CERV SKOL PILSEN LT 473ML;Ativo;12;12;1118;0;4331;1714;2230;93;5280,33
BEBIDAS;NICOLAS AUGUSTO P. BORGES;5;169;CERVEJA HEINEKEN LT 473ML;Ativo;12;12;87;96;393;244;328;12;873,08
BEBIDAS;NICOLAS AUGUSTO P. BORGES;5;4625;CERVEJA LT PATAGONIA 473ML IPA;Ativo;6;6;0;0;0;12;18;3;8
BEBIDAS;NICOLAS AUGUSTO P. BORGES;5;179;CERVEJA ORIGINAL LT 473ML;Ativo;12;12;145;192;625;384;504;14;387
BEBIDAS;NICOLAS AUGUSTO P. BORGES;5;216;CERVEJA SPATEN LT 473ML PURO MALTE;Ativo;12;12;22;0;50;48;60;3;336,08
BEBIDAS;NICOLAS AUGUSTO P. BORGES;5;34748;ENERG ELEV PET 2L ZR PINK LEMON;Ativo;6;6;5;0;8;6;12;1;19
BEBIDAS;NICOLAS AUGUSTO P. BORGES;5;843;REFRIG ANTARCTICA PET 600ML GUARANA DIET;Ativo;12;12;17;0;16;18;30;1;44
BEBIDAS;NICOLAS AUGUSTO P. BORGES;5;806;REFRIG FANTA LARANJA PET 2L;Ativo;8;8;11;120;639;280;368;30;4,5
BEBIDAS;NICOLAS AUGUSTO P. BORGES;5;832;REFRIG SUKITA PET 2L LARANJA;Ativo;8;8;0;16;41;24;32;2;51
BEBIDAS;NICOLAS AUGUSTO P. BORGES;5;833;REFRIG SUKITA PET 2L UVA;Ativo;8;8;10;0;31;22;30;3;44,88
MERCEARIA;WETER SONNENFELDET;5;2913;ACHOC LIQ NESCAU 180ML ACTIC GO;Ativo;27;27;-1;0;18;87;114;4;4
MERCEARIA;WETER SONNENFELDET;5;2909;ACHOC LIQ SHOWKINHO 200ML;Ativo;27;27;128;0;1361;157;211;3;156,56
MERCEARIA;NIDAL TUBASI;5;2098;ARROZ BCO OESTE TP1 2KG;Ativo;15;15;-30;0;105;15;30;2;50,6
MERCEARIA;NIDAL TUBASI;5;2084;ARROZ BCO REQUINTE TP1 1KG;Ativo;30;30;32;0;138;66;96;2;27,43
MERCEARIA;WETER SONNENFELDET;5;3400;BARRA CEREAL RITTER 25G BAN AVEIA MEL;Ativo;24;24;-42;0;26;192;384;16;2
MERCEARIA;WETER SONNENFELDET;5;3374;COCO RALADO MENINA 100G UMIDO ADOCADO;Ativo;12;12;9;0;26;32;56;4;3
MERCEARIA;NIDAL TUBASI;5;2381;DUETO ODERICH LT 200G ERVILHA MILHO;Ativo;24;24;100;0;95;120;168;3;52
MERCEARIA;NIDAL TUBASI;5;2747;FARINHA TRIGO ROSESOL 5KG;Ativo;5;5;6;5;11;15;20;2;100
MERCEARIA;WETER SONNENFELDET;5;3679;LEITE COND ITALAC TP 395G SEMIDESNATADO;Ativo;27;27;19;243;462;277;385;5;112,63
MERCEARIA;WETER SONNENFELDET;5;2668;LEITE PO ELEGE DESNATADO SH 400G;Ativo;25;25;9;0;24;19;44;1;20
MERCEARIA;NIDAL TUBASI;5;874;MAIONESE ODERICH SH 1KG;Ativo;6;6;61;12;105;78;102;5;25
MERCEARIA;NIDAL TUBASI;5;2571;MOLHO TOM FUGINI SH 300G PENEIRADO;Ativo;36;36;-22;108;416;130;202;3;3842,28
PERFUMARIA E LIMPEZA;JOAO BATISTA;5;37433;AGUA SANITARIA SUPREMA 1 L;Ativo;12;12;0;60;0;84;120;5;170
PERFUMARIA E LIMPEZA;JOAO BATISTA;5;37437;AGUA SANITARIA SUPREMA 2 L;Ativo;6;6;0;0;0;24;36;6;45
PERFUMARIA E LIMPEZA;JOAO BATISTA;5;17371;DET LIQ TIXAN YPE POUCH 900ML PRIMAVERA;Ativo;12;12;4;0;21;14;26;2;2
PERFUMARIA E LIMPEZA;JOAO BATISTA;5;9543;FRALDA DESC BABYSEC JUMBINHO XXG 12 UN;Ativo;8;8;0;0;0;8;16;2;29
PERFUMARIA E LIMPEZA;JOAO BATISTA;5;18746;FRALDA DESC FERINHA JUMBINHO C 14 XXG;Ativo;12;12;0;0;0;12;24;2;31
PERFUMARIA E LIMPEZA;JOAO BATISTA;5;9546;FRALDA MILI JUMBINHO G 20UN;Ativo;9;9;-1;0;0;13;22;3;85,89
PERFUMARIA E LIMPEZA;JOAO BATISTA;5;9549;FRALDA MILI JUMBINHO XG 18UN;Ativo;9;9;0;0;0;13;22;3;72,78
PERFUMARIA E LIMPEZA;JOAO BATISTA;5;37435;LAVA ROUPA SUPREMA AZUL 3L;Ativo;6;6;0;6;0;24;30;4;5
PERFUMARIA E LIMPEZA;JOAO BATISTA;5;37438;LAVA ROUPA SUPREMA VERDE 3L;Ativo;6;6;0;6;0;24;30;4;4
PERFUMARIA E LIMPEZA;JOAO BATISTA;5;23001;SAB FONTANA SENSUS 150G FOR MEN;Ativo;72;72;-124;0;29;54;126;2;62
PERFUMARIA E LIMPEZA;JOAO BATISTA;5;10197;SAB SENSUS BEAUTY ESSENCE 80G JARDINS TURQUIA;Ativo;108;108;57;0;192;74;182;1;41
PERFUMARIA E LIMPEZA;JOAO BATISTA;5;8677;TOALHINHA UMED MILI LOVE CARE 100UN;Ativo;12;12;9;0;12;12;24;1;18
BEBIDAS;NICOLAS AUGUSTO P. BORGES;6;213;CERV SKOL PILSEN LT 473ML;Ativo;12;12;-1628;0;13653;2304;3000;250;5280,33
MERCEARIA;WETER SONNENFELDET;6;2911;ACHOC LIQ ITALAC 200ML;Ativo;24;24;49;96;98;168;216;3;1204
MERCEARIA;WETER SONNENFELDET;6;2913;ACHOC LIQ NESCAU 180ML ACTIC GO;Ativo;27;27;16;0;82;109;163;6;4
MERCEARIA;NIDAL TUBASI;6;2098;ARROZ BCO OESTE TP1 2KG;Ativo;15;15;-2;0;27;11;26;2;50,6
MERCEARIA;WETER SONNENFELDET;6;3400;BARRA CEREAL RITTER 25G BAN AVEIA MEL;Ativo;24;24;3;48;0;144;336;12;2
MERCEARIA;WETER SONNENFELDET;6;994;BISC MUCILON LANCHINHO 35G LAR BAN;Ativo;15;15;2;0;13;91;121;8;2
MERCEARIA;WETER SONNENFELDET;6;3374;COCO RALADO MENINA 100G UMIDO ADOCADO;Ativo;12;12;1;0;12;24;48;4;3
MERCEARIA;NIDAL TUBASI;6;2747;FARINHA TRIGO ROSESOL 5KG;Ativo;5;5;9;0;30;31;41;7;100
MERCEARIA;WETER SONNENFELDET;6;2823;MASSA C OVOS STA FELICIDADE 500G ESPAGUETE;Ativo;20;20;230;100;2242;340;480;8;263,15
PERFUMARIA E LIMPEZA;JOAO BATISTA;6;3952;AGUA SANIT Q BOA 5L;Ativo;3;3;4;6;25;12;15;2;78
PERFUMARIA E LIMPEZA;JOAO BATISTA;6;17175;DESINF GOTA LIMPA 2L LAVANDA;Ativo;6;6;-54;12;75;16;18;1;347,67
PERFUMARIA E LIMPEZA;JOAO BATISTA;6;5679;DET LIQ GOTA LIMPA 500ML LIMAO;Ativo;24;24;39;24;45;72;96;1;122,79
PERFUMARIA E LIMPEZA;JOAO BATISTA;6;17371;DET LIQ TIXAN YPE POUCH 900ML PRIMAVERA;Ativo;12;12;0;0;0;10;22;2;2
PERFUMARIA E LIMPEZA;JOAO BATISTA;6;17415;DET PO GOTA LIMPA 800G HARMONIA;Ativo;20;20;8;40;182;54;74;1;113,25
PERFUMARIA E LIMPEZA;JOAO BATISTA;6;9346;ESFR SANI ALL ACO 2UN;Ativo;72;72;12;0;59;18;42;1;24,83
PERFUMARIA E LIMPEZA;JOAO BATISTA;6;37435;LAVA ROUPA SUPREMA AZUL 3L;Ativo;6;6;0;18;0;48;60;7;5
PERFUMARIA E LIMPEZA;JOAO BATISTA;6;37438;LAVA ROUPA SUPREMA VERDE 3L;Ativo;6;6;0;18;0;48;60;7;4
PERFUMARIA E LIMPEZA;JOAO BATISTA;6;7808;SABAO PO BRILHANTE 1 6KG LIMPEZA TOTAL;Ativo;9;9;10;9;35;21;30;1;4
BEBIDAS;NICOLAS AUGUSTO P. BORGES;7;179;CERVEJA ORIGINAL LT 473ML;Ativo;12;12;138;192;723;384;504;15;387
BEBIDAS;NICOLAS AUGUSTO P. BORGES;7;806;REFRIG FANTA LARANJA PET 2L;Ativo;8;8;-7;256;554;280;368;14;4,5
MERCEARIA;WETER SONNENFELDET;7;2913;ACHOC LIQ NESCAU 180ML ACTIC GO;Ativo;27;27;12;0;0;87;114;4;4
MERCEARIA;NIDAL TUBASI;7;2098;ARROZ BCO OESTE TP1 2KG;Ativo;15;15;12;15;83;30;45;1;50,6
MERCEARIA;WETER SONNENFELDET;7;1433;CHOC KIT KAT 41 5G FINGER BRANCO;Ativo;96;96;7;0;23;22;46;1;55,25
MERCEARIA;WETER SONNENFELDET;7;3374;COCO RALADO MENINA 100G UMIDO ADOCADO;Ativo;12;12;0;0;0;22;46;4;3
MERCEARIA;NIDAL TUBASI;7;2509;ERVA MATE PONCHE VERDE 500G MOIDA GROSSA;Ativo;20;20;114;0;532;120;160;2;23,3
MERCEARIA;NIDAL TUBASI;7;2737;FARINHA TRIGO ROSESOL 1KG;Ativo;10;10;65;0;813;100;130;7;1244
MERCEARIA;NIDAL TUBASI;7;2747;FARINHA TRIGO ROSESOL 5KG;Ativo;5;5;3;0;18;15;20;3;100
MERCEARIA;WETER SONNENFELDET;7;2668;LEITE PO ELEGE DESNATADO SH 400G;Ativo;25;25;7;0;20;19;44;2;20
MERCEARIA;WETER SONNENFELDET;7;1014;TEMP COMPLETO ODERICH 1KG S PIMENTA;Ativo;12;12;3;0;19;10;22;2;2
PERFUMARIA E LIMPEZA;JOAO BATISTA;7;37435;LAVA ROUPA SUPREMA AZUL 3L;Ativo;6;6;0;6;0;24;30;4;5
PERFUMARIA E LIMPEZA;JOAO BATISTA;7;37438;LAVA ROUPA SUPREMA VERDE 3L;Ativo;6;6;0;6;0;24;30;4;4
BEBIDAS;NICOLAS AUGUSTO P. BORGES;8;213;CERV SKOL PILSEN LT 473ML;Ativo;12;12;1478;0;4721;1714;2230;63;5280,33
MERCEARIA;NIDAL TUBASI;8;2098;ARROZ BCO OESTE TP1 2KG;Ativo;15;15;10;0;38;13;28;1;50,6
MERCEARIA;WETER SONNENFELDET;8;3400;BARRA CEREAL RITTER 25G BAN AVEIA MEL;Ativo;24;24;2;48;0;192;384;14;2
MERCEARIA;WETER SONNENFELDET;8;3374;COCO RALADO MENINA 100G UMIDO ADOCADO;Ativo;12;12;-5;0;15;32;56;5;3
MERCEARIA;WETER SONNENFELDET;8;2823;MASSA C OVOS STA FELICIDADE 500G ESPAGUETE;Ativo;20;20;151;140;1187;316;416;6;263,15
MERCEARIA;WETER SONNENFELDET;8;2826;MASSA C OVOS STA FELICIDADE 500G PENNE;Ativo;20;20;21;80;791;120;180;4;206,2
PERFUMARIA E LIMPEZA;JOAO BATISTA;8;37435;LAVA ROUPA SUPREMA AZUL 3L;Ativo;6;6;0;18;0;24;30;2;5
PERFUMARIA E LIMPEZA;JOAO BATISTA;8;37438;LAVA ROUPA SUPREMA VERDE 3L;Ativo;6;6;0;18;0;24;30;2;4
BEBIDAS;NICOLAS AUGUSTO P. BORGES;11;147;CERV ANTARCTICA PILSEN LT 473ML;Ativo;12;12;6;120;157;144;240;10;537,75
BEBIDAS;NICOLAS AUGUSTO P. BORGES;11;161;CERV CRYSTAL LT 473ML;Ativo;12;12;102;144;5;360;480;20;412,08
BEBIDAS;NICOLAS AUGUSTO P. BORGES;11;213;CERV SKOL PILSEN LT 473ML;Ativo;12;12;-2718;1200;19806;4332;5640;370;5280,33
BEBIDAS;NICOLAS AUGUSTO P. BORGES;11;169;CERVEJA HEINEKEN LT 473ML;Ativo;12;12;2056;12;979;2088;2976;76;873,08
BEBIDAS;NICOLAS AUGUSTO P. BORGES;11;389;ENERG MONSTER LT 473ML GREEN;Ativo;6;6;13;30;155;60;84;7;392
BEBIDAS;NICOLAS AUGUSTO P. BORGES;11;181;REFRE PO GLUP 15G ABACAXI;Ativo;60;60;30;60;582;420;600;9;571,93
BEBIDAS;NICOLAS AUGUSTO P. BORGES;11;806;REFRIG FANTA LARANJA PET 2L;Ativo;8;8;13;352;1375;728;1032;83;4,5
BEBIDAS;NICOLAS AUGUSTO P. BORGES;11;861;REFRIG PEPSI BLACK PET 600ML;Ativo;12;12;0;0;33;12;24;2;48
BEBIDAS;NICOLAS AUGUSTO P. BORGES;11;307;VH TRADICAO NIAGARA BCO 1 4L SC;Ativo;6;6;2;12;8;36;48;6;47,33
BEBIDAS;NICOLAS AUGUSTO P. BORGES;11;33723;VODKA WE MIX VD 275ML FRUTAS VERDES;Ativo;6;6;5;0;3;6;12;1;58
MERCEARIA;WETER SONNENFELDET;11;2913;ACHOC LIQ NESCAU 180ML ACTIC GO;Ativo;27;27;-243;0;498;271;379;14;4
MERCEARIA;WETER SONNENFELDET;11;2909;ACHOC LIQ SHOWKINHO 200ML;Ativo;27;27;444;0;5867;594;783;13;156,56
MERCEARIA;NIDAL TUBASI;11;2140;ARROZ BCO SANO TP1 5KG;Ativo;6;6;107;0;78;120;180;12;300,17
MERCEARIA;WETER SONNENFELDET;11;3400;BARRA CEREAL RITTER 25G BAN AVEIA MEL;Ativo;24;24;0;96;0;144;336;10;2
MERCEARIA;WETER SONNENFELDET;11;1384;BISC ISABELA 350G INTEG;Ativo;24;24;5;0;57;18;42;2;8
MERCEARIA;WETER SONNENFELDET;11;3022;CEREAL MAT NESTLE SH 120G MOCA FLAKES;Ativo;20;20;0;0;0;20;60;3;2,4
MERCEARIA;WETER SONNENFELDET;11;3374;COCO RALADO MENINA 100G UMIDO ADOCADO;Ativo;12;12;25;0;1;48;72;4;3
MERCEARIA;NIDAL TUBASI;11;2378;DUETO FUGINI SH 170G ERVILHA MILHO;Ativo;36;36;27;252;2544;324;432;4;145,97
MERCEARIA;NIDAL TUBASI;11;2737;FARINHA TRIGO ROSESOL 1KG;Ativo;10;10;-97;0;1717;200;300;30;1244
MERCEARIA;NIDAL TUBASI;11;2747;FARINHA TRIGO ROSESOL 5KG;Ativo;5;5;0;5;20;51;71;13;100
MERCEARIA;NIDAL TUBASI;11;2325;FEIJAO PRETO ARBAZA PREMIUM 500G;Ativo;12;12;177;0;99;184;244;6;4,5
MERCEARIA;WETER SONNENFELDET;11;2668;LEITE PO ELEGE DESNATADO SH 400G;Ativo;25;25;0;0;29;19;44;2;20
MERCEARIA;WETER SONNENFELDET;11;20316;MACARRAO INST GERMANI 63G CARNE;Ativo;50;50;185;0;882;350;500;6;450,92
MERCEARIA;WETER SONNENFELDET;11;20611;MASSA SEMOLA GERMANI 1KG ESPAG;Ativo;10;10;17;20;13;40;50;1;3,3
MERCEARIA;WETER SONNENFELDET;11;20665;MASSA SEMOLA GERMANI 500G PARAF;Ativo;20;20;15;0;39;16;36;1;48,7
MERCEARIA;WETER SONNENFELDET;11;3682;MIST LACTEA COND TRIANGULO TP 395G;Ativo;27;27;565;0;2273;567;810;9;165,15
MERCEARIA;NIDAL TUBASI;11;21125;MOL TOM TRAD VAL SH 300G;Ativo;36;36;375;0;4410;504;720;10;27,06
MERCEARIA;WETER SONNENFELDET;11;3862;SAL MOIDO PREMIUM 1KG;Ativo;30;30;43;60;453;120;150;2;252,27
MERCEARIA;NIDAL TUBASI;11;2468;SARDINHA COQUEIRO 125G OLEO;Ativo;54;54;8;54;1021;108;162;2;4
PERECIVEIS;SANDRO MARTINS VIANNA;11;9751;LEITE SANTA CLARA UHT INT 1L;Ativo;12;12;2003;1020;7359;3060;4080;88;316,67
PERFUMARIA E LIMPEZA;JOAO BATISTA;11;12181;ABS MILI MULHER CONFORTO TOT C ABAS C 16UN;Ativo;24;24;14;0;10;24;36;1;14
PERFUMARIA E LIMPEZA;JOAO BATISTA;11;3951;AGUA SANIT Q BOA 2L;Ativo;6;6;0;24;18;30;42;3;67,83
PERFUMARIA E LIMPEZA;JOAO BATISTA;11;12417;AMAC GOTA LIMPA 2L FASCINIO;Ativo;6;6;3;12;30;16;18;1;236
PERFUMARIA E LIMPEZA;JOAO BATISTA;11;12395;AMACIANTE AQUAFAST 2L VERM SED;Ativo;6;6;4;12;30;18;24;1;38
PERFUMARIA E LIMPEZA;JOAO BATISTA;11;16830;CR DENT COLGATE MPA 120G;Ativo;72;72;0;0;214;72;216;3;25,99
PERFUMARIA E LIMPEZA;JOAO BATISTA;11;17181;DESINF GOTA LIMPA 500ML LAVANDA;Ativo;12;12;4;0;12;12;22;2;97
PERFUMARIA E LIMPEZA;JOAO BATISTA;11;17371;DET LIQ TIXAN YPE POUCH 900ML PRIMAVERA;Ativo;12;12;2;0;0;12;24;2;2
PERFUMARIA E LIMPEZA;JOAO BATISTA;11;6134;FRALDA DESC LOOMPIG JUMBINHO XXG 12 UN;Ativo;8;8;0;0;0;12;14;2;40
PERFUMARIA E LIMPEZA;JOAO BATISTA;11;19378;INSET PROINSET SUPER ECONOMICO 750ML;Ativo;12;12;31;96;531;156;216;8;313
PERFUMARIA E LIMPEZA;JOAO BATISTA;11;7425;PEDRA SANITARIA SANI-SOL 20G JASMIN;Ativo;144;144;82;0;259;108;252;1;23
PERFUMARIA E LIMPEZA;JOAO BATISTA;11;36646;SAB PROTEX CARVAO DETOX C 8;Ativo;8;8;0;0;0;6;14;2;65
PERFUMARIA E LIMPEZA;JOAO BATISTA;11;7808;SABAO PO BRILHANTE 1 6KG LIMPEZA TOTAL;Ativo;9;9;6;18;120;31;49;3;4
PERFUMARIA E LIMPEZA;JOAO BATISTA;11;8052;SAPONACEO CREM GIRANDO SOL 300ML ORIGINAL;Ativo;12;12;5;0;19;10;22;2;19
BEBIDAS;NICOLAS AUGUSTO P. BORGES;12;213;CERV SKOL PILSEN LT 473ML;Ativo;12;12;3062;0;8343;3510;4566;125;5280,33
BEBIDAS;NICOLAS AUGUSTO P. BORGES;12;806;REFRIG FANTA LARANJA PET 2L;Ativo;8;8;1;200;902;680;968;96;4,5
BEBIDAS;NICOLAS AUGUSTO P. BORGES;12;769;REFRIG FRUKI GUARANA PET 200ML GUARANA;Ativo;12;12;-252;132;376;144;180;4;420,08
BEBIDAS;NICOLAS AUGUSTO P. BORGES;12;838;REFRIG FRUKI PET 3L GUARANA;Ativo;4;4;161;104;466;276;392;32;35,75
BEBIDAS;NICOLAS AUGUSTO P. BORGES;12;861;REFRIG PEPSI BLACK PET 600ML;Ativo;12;12;1;0;44;12;24;2;48
BEBIDAS;NICOLAS AUGUSTO P. BORGES;12;780;REFRIG SPRITE PET 200ML;Ativo;12;12;-17;60;246;72;96;3;9
BEBIDAS;NICOLAS AUGUSTO P. BORGES;12;832;REFRIG SUKITA PET 2L LARANJA;Ativo;8;8;1;40;130;64;88;6;51
BEBIDAS;NICOLAS AUGUSTO P. BORGES;12;833;REFRIG SUKITA PET 2L UVA;Ativo;8;8;5;24;57;32;40;1;44,88
MERCEARIA;WETER SONNENFELDET;12;2911;ACHOC LIQ ITALAC 200ML;Ativo;24;24;-24;240;540;480;600;15;1204
MERCEARIA;WETER SONNENFELDET;12;2913;ACHOC LIQ NESCAU 180ML ACTIC GO;Ativo;27;27;4;0;266;297;405;15;4
MERCEARIA;WETER SONNENFELDET;12;2909;ACHOC LIQ SHOWKINHO 200ML;Ativo;27;27;444;0;3314;595;784;13;156,56
MERCEARIA;WETER SONNENFELDET;12;3011;AVEIA FLOCOS FINOS NATURALE 1KG;Ativo;12;12;0;0;32;12;24;2;17
MERCEARIA;NIDAL TUBASI;12;949;AZEITE OLIV COCINERO EXT VIRG 500ML;Ativo;12;12;1;0;108;24;36;3;19
MERCEARIA;NIDAL TUBASI;12;35716;AZEITONA VERDE UNIAGRO 80G S CAROCO;Ativo;24;24;-28;0;41;24;48;2;4
MERCEARIA;NIDAL TUBASI;12;2331;AZEITONA VERDE VALE FERTIL SH 120G S CAROCO;Ativo;24;24;20;0;20;48;72;2;5
MERCEARIA;WETER SONNENFELDET;12;3400;BARRA CEREAL RITTER 25G BAN AVEIA MEL;Ativo;24;24;79;24;52;192;384;12;2
MERCEARIA;WETER SONNENFELDET;12;994;BISC MUCILON LANCHINHO 35G LAR BAN;Ativo;15;15;-17;30;1;31;46;1;2
MERCEARIA;WETER SONNENFELDET;12;2031;CAFE SOL 3C CAPPUCCINO SH 20G CANELA;Ativo;16;16;0;0;0;50;100;6;2,38
MERCEARIA;WETER SONNENFELDET;12;2030;CAFE SOL 3C CAPPUCCINO SH 20G CLASSIC;Ativo;16;16;1;0;22;50;100;6;19,5
MERCEARIA;WETER SONNENFELDET;12;2229;CAPSULA DOLCE GUSTO 70G C 10 LUNGO;Ativo;6;6;11;0;2;12;18;1;2
MERCEARIA;WETER SONNENFELDET;12;3022;CEREAL MAT NESTLE SH 120G MOCA FLAKES;Ativo;20;20;0;12;0;16;36;1;2,4
MERCEARIA;WETER SONNENFELDET;12;1276;CHOC BARRA GAROTO 80G MEIO AMARGO;Ativo;16;16;1;16;140;32;48;2;33,06
MERCEARIA;WETER SONNENFELDET;12;1441;CHOC TWIX 40G TRIPLO CHOC;Ativo;18;18;7;0;6;14;32;1;46
MERCEARIA;WETER SONNENFELDET;12;3374;COCO RALADO MENINA 100G UMIDO ADOCADO;Ativo;12;12;12;0;0;18;42;3;3
MERCEARIA;WETER SONNENFELDET;12;2487;DOCE DIFRUTTI 400G GOIABA;Ativo;12;12;0;0;2;10;22;2;9,83
MERCEARIA;WETER SONNENFELDET;12;2538;DOCE DOCITO 990G CREMOSO C LEITE;Ativo;6;6;-19;9;90;18;24;3;49
MERCEARIA;WETER SONNENFELDET;12;2521;DOCE PETRY 400G COLONIAL CANA;Ativo;12;12;2;0;5;10;22;2;5,17
MERCEARIA;WETER SONNENFELDET;12;2498;DOCE SORO DE LEITE DA SERRA PT 400G;Ativo;12;12;1;0;0;24;36;3;8,92
MERCEARIA;NIDAL TUBASI;12;2367;ERVILHA FUGINI SH 170G;Ativo;36;36;-432;108;848;144;216;3;203,89
MERCEARIA;NIDAL TUBASI;12;2369;ERVILHA OLE LT 170G;Ativo;24;24;118;120;245;264;360;5;99,71
MERCEARIA;NIDAL TUBASI;12;2552;EXTRATO TOM ELEFANTE PT 300G;Ativo;24;24;68;0;187;96;120;2;305
MERCEARIA;NIDAL TUBASI;12;2737;FARINHA TRIGO ROSESOL 1KG;Ativo;10;10;60;0;993;200;300;24;1244
MERCEARIA;NIDAL TUBASI;12;2747;FARINHA TRIGO ROSESOL 5KG;Ativo;5;5;6;0;49;41;56;10;100
MERCEARIA;NIDAL TUBASI;12;2477;KETCHUP FUGINI SH C BICO 180G PICANTE;Ativo;32;32;13;0;20;24;56;1;34
MERCEARIA;NIDAL TUBASI;12;2491;KETCHUP ODERICH BISNAG 200G TRAD;Ativo;24;24;20;0;143;96;144;5;12
MERCEARIA;NIDAL TUBASI;12;2484;KETCHUP ODERICH SH 200G;Ativo;24;24;4;24;452;72;96;3;33
MERCEARIA;NIDAL TUBASI;12;31251;KETCHUP TRAD VAL 1 010K;Ativo;9;9;-35;0;44;27;36;4;168,11
MERCEARIA;WETER SONNENFELDET;12;2668;LEITE PO ELEGE DESNATADO SH 400G;Ativo;25;25;7;0;44;19;44;2;20
MERCEARIA;WETER SONNENFELDET;12;20344;MAC INST NISSIN 85G CARNE TOMATE;Ativo;50;50;0;0;19;38;88;2;16,98
MERCEARIA;WETER SONNENFELDET;12;20357;MAC INST NISSIN 85G PICANHA;Ativo;50;50;-11;0;61;38;88;2;2
MERCEARIA;WETER SONNENFELDET;12;34884;MAC INST NISSIN CHICO BENTO 75G CH B CARNE BAT;Ativo;50;50;0;0;0;38;88;2;16
MERCEARIA;WETER SONNENFELDET;12;20339;MAC INST NISSIN CHICO BENTO 75G SUAV MILH MANT;Ativo;50;50;0;0;20;38;88;2;21,54
MERCEARIA;WETER SONNENFELDET;12;2740;MACARRAO CUP NOODLES 69G CHEDDAR;Ativo;24;24;0;0;9;18;42;2;22,96
MERCEARIA;WETER SONNENFELDET;12;20318;MACARRAO INST GERMANI 63G GALINHA;Ativo;50;50;172;0;872;250;400;5;543,1
MERCEARIA;NIDAL TUBASI;12;2813;MAIONESE ODERICH PRE 220G LIMAO;Ativo;12;12;4;0;3;10;22;2;6
MERCEARIA;WETER SONNENFELDET;12;20621;MAS FURADINHO ISABELA SEMOLA 400G;Ativo;24;24;23;24;119;72;120;3;83
MERCEARIA;WETER SONNENFELDET;12;20676;MAS PENNE BOM GOSTO SEMOLA 400G;Ativo;24;24;1;0;40;24;48;2;2
MERCEARIA;WETER SONNENFELDET;12;20638;MASSA C OVOS GERMANI 500G NHOQUE;Ativo;20;20;10;0;23;16;36;1;13,75
MERCEARIA;WETER SONNENFELDET;12;20611;MASSA SEMOLA GERMANI 1KG ESPAG;Ativo;10;10;10;0;59;40;50;4;3,3
MERCEARIA;WETER SONNENFELDET;12;20664;MASSA SEMOLA GERMANI 1KG PARAF;Ativo;10;10;2;0;19;8;18;2;33,7
MERCEARIA;WETER SONNENFELDET;12;20702;MASSA SEMOLA GERMANI TALHARIM 500G;Ativo;24;24;18;24;55;48;72;1;38,42
MERCEARIA;WETER SONNENFELDET;12;33372;MIST P BOLO APTI 380G CHOC C MOR;Ativo;12;12;-4;0;47;24;48;4;55,92
MERCEARIA;WETER SONNENFELDET;12;3707;MIST P BOLO APTI 400G LARANJA;Ativo;12;12;4;12;72;48;72;5;46,83
MERCEARIA;WETER SONNENFELDET;12;3712;MIST P BOLO APTI 400G QUATRO LEITES;Ativo;12;12;-15;0;101;36;48;4;4,75
MERCEARIA;NIDAL TUBASI;12;21038;MOL BARBECUE ODERICH PREMIUM 400G;Ativo;12;12;0;0;11;12;24;2;4
MERCEARIA;NIDAL TUBASI;12;921;MOLHO TOM ODERICH PASSATA LT 850G;Ativo;12;12;5;0;7;10;22;2;11,25
MERCEARIA;NIDAL TUBASI;12;2606;MOLHO TOM ODERICH SH 1 010G TRAD;Ativo;12;12;-22;30;78;36;48;2;604,5
MERCEARIA;NIDAL TUBASI;12;2609;MOLHO TOMATE ODERICH SH 1 010G PIZZA;Ativo;12;12;5;0;23;24;36;3;193
MERCEARIA;NIDAL TUBASI;12;985;MOSTARDA ODERICH SH 1KG;Ativo;6;6;29;0;45;30;60;5;10
MERCEARIA;NIDAL TUBASI;12;986;OLEO SOJA VITALIV PET 900ML;Ativo;20;20;158;400;1537;600;800;12;2288,2
MERCEARIA;WETER SONNENFELDET;12;1854;PAST DOCILE MINTY 14G MOR;Ativo;12;12;8;0;27;12;24;1;47
MERCEARIA;WETER SONNENFELDET;12;1837;PAST DOCILE ROLLY MINTY 29G FRUIT;Ativo;12;12;15;0;15;34;46;3;421
MERCEARIA;NIDAL TUBASI;12;2436;SALSICHA VIENA ODERICH 180G;Ativo;24;24;2;0;0;72;96;4;27
MERCEARIA;WETER SONNENFELDET;12;3772;VINAGRE ALCOOL KOLLER 750ML;Ativo;12;12;20;12;68;60;84;4;190
MERCEARIA;WETER SONNENFELDET;12;3790;VINAGRE VINHO KOLLER 500ML TINTO;Ativo;12;12;-5;0;20;10;22;2;54
PERECIVEIS;SANDRO MARTINS VIANNA;12;9756;LEITE TIROL INTEGRAL ZR LACTOSE 1L;Ativo;12;12;176;36;157;240;360;12;3,42
PERECIVEIS;SANDRO MARTINS VIANNA;12;6791;LEITE UHT PET ELEGE 1L DESNATADO;Ativo;6;6;84;0;0;96;120;6;60
PERFUMARIA E LIMPEZA;JOAO BATISTA;12;12290;AGUA SANIT IMPERIAL 2L;Ativo;6;6;22;6;268;48;66;6;140,67
PERFUMARIA E LIMPEZA;JOAO BATISTA;12;3951;AGUA SANIT Q BOA 2L;Ativo;6;6;-35;24;91;48;66;7;67,83
PERFUMARIA E LIMPEZA;JOAO BATISTA;12;3954;AGUA SANIT YPE 2L;Ativo;6;6;-11;0;12;12;18;3;203
PERFUMARIA E LIMPEZA;JOAO BATISTA;12;37433;AGUA SANITARIA SUPREMA 1 L;Ativo;12;12;0;0;0;96;132;11;170
PERFUMARIA E LIMPEZA;JOAO BATISTA;12;37437;AGUA SANITARIA SUPREMA 2 L;Ativo;6;6;0;0;0;48;72;12;45
PERFUMARIA E LIMPEZA;JOAO BATISTA;12;3971;ALCOOL 46 SUPER VALE 1L;Ativo;12;12;10;0;0;24;36;2;20
PERFUMARIA E LIMPEZA;JOAO BATISTA;12;34845;ALVEJ BARBAREX 2L S CLORO;Ativo;6;6;3;6;22;12;18;2;91
PERFUMARIA E LIMPEZA;JOAO BATISTA;12;4178;AMAC DOWNY 1 5L LIRIOS DO CAMPO;Ativo;9;9;-12;0;33;13;22;3;90,56
PERFUMARIA E LIMPEZA;JOAO BATISTA;12;12395;AMACIANTE AQUAFAST 2L VERM SED;Ativo;6;6;4;6;26;18;24;2;38
PERFUMARIA E LIMPEZA;JOAO BATISTA;12;12540;AP VENUS 3 INTIMA DISPO C 2;Ativo;1;1;9;0;0;10;22;13;12
PERFUMARIA E LIMPEZA;JOAO BATISTA;12;5263;CR DENTAL ORAL B 50G KIDS MICKEY;Ativo;24;24;2;0;5;18;42;2;3
PERFUMARIA E LIMPEZA;JOAO BATISTA;12;9279;DESINF AQUAFAST 1L CAMPOS LAVANDA;Ativo;12;12;0;0;0;18;22;2;4
PERFUMARIA E LIMPEZA;JOAO BATISTA;12;37423;DESINF AQUAFAST 2L HARMONIA NAT;Ativo;6;6;11;0;1;12;18;1;23
PERFUMARIA E LIMPEZA;JOAO BATISTA;12;5434;DESINF AQUAFAST HARMONIA 2L LAVANDA;Ativo;6;6;13;0;15;18;24;2;51
PERFUMARIA E LIMPEZA;JOAO BATISTA;12;17190;DESINF IMPERIAL 5L LAVANDA;Ativo;4;4;2;16;60;24;32;4;51,5
PERFUMARIA E LIMPEZA;JOAO BATISTA;12;5579;DESOD AERO OLD SPICE 93G MAR PROFUNDO;Ativo;12;12;2;0;2;6;12;1;5,83
PERFUMARIA E LIMPEZA;JOAO BATISTA;12;17348;DET LIQ GIRANDO SOL 1L GLICA;Ativo;12;12;1;0;14;12;24;2;18
PERFUMARIA E LIMPEZA;JOAO BATISTA;12;17420;DET PO TIXAN YPE CT 400PRIMAVERA;Ativo;28;28;14;28;70;56;84;2;25,96
PERFUMARIA E LIMPEZA;JOAO BATISTA;12;5692;DETERG YPE 500 ML NEUTRO;Ativo;24;24;-234;72;314;96;144;3;583
PERFUMARIA E LIMPEZA;JOAO BATISTA;12;6134;FRALDA DESC LOOMPIG JUMBINHO XXG 12 UN;Ativo;8;8;1;8;2;12;14;1;40
PERFUMARIA E LIMPEZA;JOAO BATISTA;12;9620;INSET MAT INSET MULTI 360ML GT33ML EUCALIPTO;Ativo;12;12;5;0;14;10;22;2;8
PERFUMARIA E LIMPEZA;JOAO BATISTA;12;19378;INSET PROINSET SUPER ECONOMICO 750ML;Ativo;12;12;-12;0;120;180;200;17;313
PERFUMARIA E LIMPEZA;JOAO BATISTA;12;6692;LAVA ROUPA BRILHANTE 3L LIMPEZA TOTAL;Ativo;4;4;8;16;35;30;36;3;502,75
PERFUMARIA E LIMPEZA;JOAO BATISTA;12;6731;LAVA ROUPA OMO 900ML LAV PERF DOYP;Ativo;12;12;11;0;22;48;60;4;328
PERFUMARIA E LIMPEZA;JOAO BATISTA;12;37435;LAVA ROUPA SUPREMA AZUL 3L;Ativo;6;6;0;6;0;30;36;5;5
PERFUMARIA E LIMPEZA;JOAO BATISTA;12;37438;LAVA ROUPA SUPREMA VERDE 3L;Ativo;6;6;0;6;0;30;36;5;4
PERFUMARIA E LIMPEZA;JOAO BATISTA;12;17339;LAVA ROUPAS LIQ BARBAREX 5L;Ativo;2;2;3;6;57;12;16;4;253,5
PERFUMARIA E LIMPEZA;NJOUD HASSAN ZITAWI;12;21296;ODORIZ AMAZONIA AROM 270ML ALFAZEMA;Ativo;12;12;-5;0;12;12;24;2;9,25
PERFUMARIA E LIMPEZA;JOAO BATISTA;12;7354;PAPEL HIG DUETTO FD 12 UN DE 30M NEUTRO;Ativo;6;6;3;6;0;30;36;5;39,83
PERFUMARIA E LIMPEZA;JOAO BATISTA;12;37439;REMOVEDOR MULTIUSO SUPREMA FLOR 1L;Ativo;12;12;0;0;0;12;24;2;19
PERFUMARIA E LIMPEZA;JOAO BATISTA;12;23001;SAB FONTANA SENSUS 150G FOR MEN;Ativo;72;72;-13;0;0;72;144;2;62
PERFUMARIA E LIMPEZA;JOAO BATISTA;12;7799;SABAO BARRA YPE 900G GLIC FRESH;Ativo;12;12;19;24;42;48;60;2;3
PERFUMARIA E LIMPEZA;JOAO BATISTA;12;7808;SABAO PO BRILHANTE 1 6KG LIMPEZA TOTAL;Ativo;9;9;0;18;45;31;49;4;4
PERFUMARIA E LIMPEZA;JOAO BATISTA;12;7804;SABAO PO BRILHANTE 1.450+150G GT LIMPEZA TOTAL;Ativo;9;9;-2;0;0;21;30;3;29
PERFUMARIA E LIMPEZA;JOAO BATISTA;12;23162;SABAO ZAVASKI GLIC LIMAO C 5 200G;Ativo;10;10;5;0;35;10;20;2;45,8
PERFUMARIA E LIMPEZA;JOAO BATISTA;12;7944;SABON PALMOLIVE NATURALS 150G KARITE;Ativo;72;72;0;0;143;54;126;2;17,67
PERFUMARIA E LIMPEZA;JOAO BATISTA;12;10177;SABON PALMOLIVE NATURALS 85G LEITE ROSAS;Ativo;24;24;107;0;113;108;216;5;80,5
PERFUMARIA E LIMPEZA;JOAO BATISTA;12;7883;SABONETE DOVE 90G ORIGINAL;Ativo;48;48;124;48;121;192;240;2;289
PERFUMARIA E LIMPEZA;JOAO BATISTA;12;8292;SH PANTENE 175ML LISO EXTREMO;Ativo;6;6;5;0;5;6;12;1;20
PERFUMARIA E LIMPEZA;JOAO BATISTA;12;8552;TALCO ALMA DE FLORES 100G;Ativo;12;12;1;0;4;10;22;2;2
PRODUTOS PET;JOAO BATISTA;12;3976;ALIM CAO ALPO AD 10 1KG CAR FGO CER VEG;Ativo;1;1;5;0;2;8;12;7;2
PRODUTOS PET;JOAO BATISTA;12;3990;ALIM CAO DOG CHOW100G SACHE TOD TAM AD RA PEQ CARN;Ativo;15;15;12;0;7;75;90;5;21
PRODUTOS PET;JOAO BATISTA;12;22702;RAC DODOG ORIG 10 1K;Ativo;1;1;0;0;0;15;20;20;153
PRODUTOS PET;JOAO BATISTA;12;22707;RAC DODOPREM P RACAS 10 1K;Ativo;1;1;6;1;4;10;15;8;97
PRODUTOS PET;JOAO BATISTA;12;22744;RAC SNOW DOG FGO TOMATE 5K;Ativo;1;1;0;0;3;8;12;12;219
BEBIDAS;NICOLAS AUGUSTO P. BORGES;13;144;CERV AMSTEL LT 473ML LAGER;Ativo;12;12;77;216;687;300;420;11;2300,75
BEBIDAS;NICOLAS AUGUSTO P. BORGES;13;213;CERV SKOL PILSEN LT 473ML;Ativo;12;12;-240;0;9467;2760;3936;328;5280,33
BEBIDAS;NICOLAS AUGUSTO P. BORGES;13;764;REFRIG COCA COLA PET 200ML ZERO;Ativo;12;12;102;0;702;108;144;4;17,5
BEBIDAS;NICOLAS AUGUSTO P. BORGES;13;806;REFRIG FANTA LARANJA PET 2L;Ativo;8;8;123;304;1138;688;976;69;4,5
MERCEARIA;WETER SONNENFELDET;13;2913;ACHOC LIQ NESCAU 180ML ACTIC GO;Ativo;27;27;7;0;275;271;379;14;4
MERCEARIA;WETER SONNENFELDET;13;2909;ACHOC LIQ SHOWKINHO 200ML;Ativo;27;27;-909;540;4201;703;919;14;156,56
MERCEARIA;WETER SONNENFELDET;13;3400;BARRA CEREAL RITTER 25G BAN AVEIA MEL;Ativo;24;24;0;0;0;192;384;16;2
MERCEARIA;WETER SONNENFELDET;13;3383;CALDO APTI 19G GALINHA;Ativo;216;216;56;0;23;120;144;1;3,22
MERCEARIA;WETER SONNENFELDET;13;3373;CALDO MAGGI 57G CARNE;Ativo;150;150;0;0;12;50;60;1;2,85
MERCEARIA;WETER SONNENFELDET;13;3374;COCO RALADO MENINA 100G UMIDO ADOCADO;Ativo;12;12;0;12;0;18;42;3;3
MERCEARIA;NIDAL TUBASI;13;2747;FARINHA TRIGO ROSESOL 5KG;Ativo;5;5;23;0;72;31;41;4;100
MERCEARIA;WETER SONNENFELDET;13;2668;LEITE PO ELEGE DESNATADO SH 400G;Ativo;25;25;6;0;33;19;44;2;20
MERCEARIA;WETER SONNENFELDET;13;3862;SAL MOIDO PREMIUM 1KG;Ativo;30;30;105;0;386;120;150;2;252,27
PERECIVEIS;SANDRO MARTINS VIANNA;13;9741;LEITE SANTA CLARA LV SEMI DESN 1L;Ativo;12;12;-1;108;251;144;180;6;136
PERFUMARIA E LIMPEZA;JOAO BATISTA;13;36183;CD ELSEVE COLLAGEN LIFTER 200ML;Ativo;12;12;7;0;5;8;12;1;2
PERFUMARIA E LIMPEZA;JOAO BATISTA;13;37435;LAVA ROUPA SUPREMA AZUL 3L;Ativo;6;6;0;30;0;48;60;5;5
PERFUMARIA E LIMPEZA;JOAO BATISTA;13;37438;LAVA ROUPA SUPREMA VERDE 3L;Ativo;6;6;0;30;0;48;60;5;4
PERFUMARIA E LIMPEZA;JOAO BATISTA;13;7808;SABAO PO BRILHANTE 1 6KG LIMPEZA TOTAL;Ativo;9;9;-3;9;29;19;28;2;4
BEBIDAS;NICOLAS AUGUSTO P. BORGES;14;213;CERV SKOL PILSEN LT 473ML;Ativo;12;12;178;0;6858;1788;2328;179;5280,33
MERCEARIA;WETER SONNENFELDET;14;2913;ACHOC LIQ NESCAU 180ML ACTIC GO;Ativo;27;27;-10;0;99;87;114;4;4
MERCEARIA;NIDAL TUBASI;14;2177;ARROZ BCO SABOROSO TP1 5KG;Ativo;6;6;11;48;113;60;78;3;31
MERCEARIA;NIDAL TUBASI;14;2331;AZEITONA VERDE VALE FERTIL SH 120G S CAROCO;Ativo;24;24;9;24;54;38;62;1;5
MERCEARIA;WETER SONNENFELDET;14;3400;BARRA CEREAL RITTER 25G BAN AVEIA MEL;Ativo;24;24;0;24;0;144;336;13;2
MERCEARIA;WETER SONNENFELDET;14;994;BISC MUCILON LANCHINHO 35G LAR BAN;Ativo;15;15;11;15;5;31;46;1;2
MERCEARIA;WETER SONNENFELDET;14;2031;CAFE SOL 3C CAPPUCCINO SH 20G CANELA;Ativo;16;16;-47;16;82;50;100;5;2,38
MERCEARIA;WETER SONNENFELDET;14;20357;MAC INST NISSIN 85G PICANHA;Ativo;50;50;34;0;92;38;88;1;2
MERCEARIA;WETER SONNENFELDET;14;20318;MACARRAO INST GERMANI 63G GALINHA;Ativo;50;50;-27;200;778;240;340;3;543,1
MERCEARIA;NIDAL TUBASI;14;2468;SARDINHA COQUEIRO 125G OLEO;Ativo;54;54;3;0;487;54;108;2;4
PERFUMARIA E LIMPEZA;JOAO BATISTA;14;4156;AMAC CONC COMFORT 900ML RF BRISA ELEGANTE;Ativo;12;12;6;0;17;8;12;1;4
BEBIDAS;NICOLAS AUGUSTO P. BORGES;17;213;CERV SKOL PILSEN LT 473ML;Ativo;12;12;-2345;0;6688;2376;3384;282;5280,33
BEBIDAS;NICOLAS AUGUSTO P. BORGES;17;762;REFRIG COCA COLA PET 200ML;Ativo;12;12;91;0;1514;348;456;31;254,75
BEBIDAS;NICOLAS AUGUSTO P. BORGES;17;764;REFRIG COCA COLA PET 200ML ZERO;Ativo;12;12;113;0;656;120;156;4;17,5
MERCEARIA;WETER SONNENFELDET;17;2911;ACHOC LIQ ITALAC 200ML;Ativo;24;24;150;0;123;168;216;3;1204
MERCEARIA;WETER SONNENFELDET;17;2913;ACHOC LIQ NESCAU 180ML ACTIC GO;Ativo;27;27;-16;0;58;135;162;6;4
MERCEARIA;NIDAL TUBASI;17;12228;ACUCAR CRISTAL DOCESUCAR 5KG;Ativo;6;6;105;60;810;180;234;12;309,67
MERCEARIA;NIDAL TUBASI;17;2098;ARROZ BCO OESTE TP1 2KG;Ativo;15;15;15;0;98;45;60;3;50,6
MERCEARIA;NIDAL TUBASI;17;2323;ATUM SOLIDO NAUTIQUE 170G EM OLEO;Ativo;24;24;-97;24;265;48;72;2;2,96
MERCEARIA;WETER SONNENFELDET;17;3400;BARRA CEREAL RITTER 25G BAN AVEIA MEL;Ativo;24;24;-71;0;78;192;384;16;2
MERCEARIA;WETER SONNENFELDET;17;994;BISC MUCILON LANCHINHO 35G LAR BAN;Ativo;15;15;0;15;0;31;46;2;2
MERCEARIA;WETER SONNENFELDET;17;3373;CALDO MAGGI 57G CARNE;Ativo;150;150;-4;0;0;50;60;1;2,85
MERCEARIA;WETER SONNENFELDET;17;2229;CAPSULA DOLCE GUSTO 70G C 10 LUNGO;Ativo;6;6;-25;6;1;12;18;2;2
MERCEARIA;WETER SONNENFELDET;17;2278;CEVADA CORSETTI SOLUVEL 100G;Ativo;6;6;26;6;16;36;60;5;2
MERCEARIA;WETER SONNENFELDET;17;1272;CHOC BARRA GAROTO CHOC BCO 80G;Ativo;64;64;70;0;154;80;96;1;15,36
MERCEARIA;WETER SONNENFELDET;17;3411;CREME CULINARIO DAUS TP 200G;Ativo;27;27;243;378;3287;757;1000;14;4697,3
MERCEARIA;NIDAL TUBASI;17;2509;ERVA MATE PONCHE VERDE 500G MOIDA GROSSA;Ativo;20;20;20;0;160;80;120;5;23,3
MERCEARIA;NIDAL TUBASI;17;2737;FARINHA TRIGO ROSESOL 1KG;Ativo;10;10;21;0;1484;200;300;28;1244
MERCEARIA;NIDAL TUBASI;17;2747;FARINHA TRIGO ROSESOL 5KG;Ativo;5;5;-12;10;71;31;41;6;100
MERCEARIA;NIDAL TUBASI;17;2329;FEIJAO PRETO CALDO OURO 500G;Ativo;10;10;255;0;238;260;360;11;60,9
MERCEARIA;WETER SONNENFELDET;17;3524;FERM QUIMICO PO FLEISCHMANN PT 100G;Ativo;6;6;2;12;36;72;144;22;6,67
MERCEARIA;WETER SONNENFELDET;17;20357;MAC INST NISSIN 85G PICANHA;Ativo;50;50;9;0;46;38;88;2;2
MERCEARIA;NIDAL TUBASI;17;2767;MAIONESE HELLMANNS SH 200G;Ativo;24;24;231;432;1638;672;960;12;70
MERCEARIA;NIDAL TUBASI;17;2841;MAIONESE HELLMANNS SH 400G;Ativo;12;12;53;204;408;300;420;14;56
MERCEARIA;WETER SONNENFELDET;17;2503;MARROM GLACE VAL 300G;Ativo;24;24;19;0;102;24;48;1;2,46
MERCEARIA;WETER SONNENFELDET;17;20611;MASSA SEMOLA GERMANI 1KG ESPAG;Ativo;10;10;21;0;59;40;50;3;3,3
MERCEARIA;WETER SONNENFELDET;17;3682;MIST LACTEA COND TRIANGULO TP 395G;Ativo;27;27;404;0;704;405;567;6;165,15
MERCEARIA;WETER SONNENFELDET;17;3704;MIST P BOLO APTI 400G CHOC;Ativo;12;12;-8;60;298;72;96;3;140,17
MERCEARIA;WETER SONNENFELDET;17;3712;MIST P BOLO APTI 400G QUATRO LEITES;Ativo;12;12;3;12;105;36;48;3;4,75
MERCEARIA;NIDAL TUBASI;17;986;OLEO SOJA VITALIV PET 900ML;Ativo;20;20;588;0;4846;600;800;11;2288,2
PERECIVEIS;SANDRO MARTINS VIANNA;17;6799;LEITE SANTA CLARA 1L ZERO LACTOSE;Ativo;12;12;16;324;884;360;480;12;87,83
PERECIVEIS;SANDRO MARTINS VIANNA;17;9756;LEITE TIROL INTEGRAL ZR LACTOSE 1L;Ativo;12;12;100;240;348;360;480;12;3,42
PERFUMARIA E LIMPEZA;JOAO BATISTA;17;17371;DET LIQ TIXAN YPE POUCH 900ML PRIMAVERA;Ativo;12;12;0;0;0;12;24;2;2
PERFUMARIA E LIMPEZA;JOAO BATISTA;17;9542;FRALDA DESC BABYSEC JUMBINHO XG 12 UN;Ativo;8;8;10;0;12;12;14;1;21,5
PERFUMARIA E LIMPEZA;JOAO BATISTA;17;37435;LAVA ROUPA SUPREMA AZUL 3L;Ativo;6;6;0;30;0;48;60;5;5
PERFUMARIA E LIMPEZA;JOAO BATISTA;17;37438;LAVA ROUPA SUPREMA VERDE 3L;Ativo;6;6;0;30;0;48;60;5;4
PERFUMARIA E LIMPEZA;JOAO BATISTA;17;6858;LIMP COZ MR MUSC GR 500ML 100ML AP;Ativo;12;12;7;0;19;8;12;1;2
PERFUMARIA E LIMPEZA;JOAO BATISTA;17;7808;SABAO PO BRILHANTE 1 6KG LIMPEZA TOTAL;Ativo;9;9;1;9;40;19;28;2;4
PERFUMARIA E LIMPEZA;JOAO BATISTA;17;8552;TALCO ALMA DE FLORES 100G;Ativo;12;12;0;0;1;10;22;2;2
BEBIDAS;NICOLAS AUGUSTO P. BORGES;18;50;AGUA MIN AGUA DA PEDRA PET 5L S GAS;Ativo;4;4;0;0;0;28;40;10;522,75
BEBIDAS;NICOLAS AUGUSTO P. BORGES;18;213;CERV SKOL PILSEN LT 473ML;Ativo;12;12;572;0;5164;2052;2928;196;5280,33
BEBIDAS;NICOLAS AUGUSTO P. BORGES;18;188;CERVEJA POLAR LT 473ML EXPORT;Ativo;12;12;30;0;388;120;144;10;252,92
BEBIDAS;NICOLAS AUGUSTO P. BORGES;18;806;REFRIG FANTA LARANJA PET 2L;Ativo;8;8;468;0;864;472;672;26;4,5
BEBIDAS;NICOLAS AUGUSTO P. BORGES;18;838;REFRIG FRUKI PET 3L GUARANA;Ativo;4;4;73;16;308;148;208;30;35,75
MERCEARIA;WETER SONNENFELDET;18;2911;ACHOC LIQ ITALAC 200ML;Ativo;24;24;1;192;264;216;288;4;1204
MERCEARIA;WETER SONNENFELDET;18;2913;ACHOC LIQ NESCAU 180ML ACTIC GO;Ativo;27;27;-98;0;222;189;216;8;4
MERCEARIA;NIDAL TUBASI;18;2098;ARROZ BCO OESTE TP1 2KG;Ativo;15;15;-9;0;33;15;30;2;50,6
MERCEARIA;NIDAL TUBASI;18;2118;ARROZ BCO SABOROSO TP1 2KG;Ativo;15;15;15;45;151;75;90;2;10,67
MERCEARIA;WETER SONNENFELDET;18;3400;BARRA CEREAL RITTER 25G BAN AVEIA MEL;Ativo;24;24;0;48;0;192;384;14;2
MERCEARIA;WETER SONNENFELDET;18;994;BISC MUCILON LANCHINHO 35G LAR BAN;Ativo;15;15;-20;0;14;61;91;6;2
MERCEARIA;WETER SONNENFELDET;18;2031;CAFE SOL 3C CAPPUCCINO SH 20G CANELA;Ativo;16;16;31;16;19;50;100;3;2,38
MERCEARIA;WETER SONNENFELDET;18;3374;COCO RALADO MENINA 100G UMIDO ADOCADO;Ativo;12;12;0;0;3;18;42;4;3
MERCEARIA;NIDAL TUBASI;18;2747;FARINHA TRIGO ROSESOL 5KG;Ativo;5;5;-2;5;35;31;41;7;100
MERCEARIA;NIDAL TUBASI;18;2325;FEIJAO PRETO ARBAZA PREMIUM 500G;Ativo;12;12;102;48;141;156;168;2;4,5
MERCEARIA;WETER SONNENFELDET;18;3704;MIST P BOLO APTI 400G CHOC;Ativo;12;12;3;48;351;72;96;4;140,17
MERCEARIA;NIDAL TUBASI;18;2568;MOLHO TOM CAJAMAR SH 300G TRAD;Ativo;32;32;-521;128;878;174;238;4;200,78
MERCEARIA;NIDAL TUBASI;18;2573;MOLHO TOM FUGINI SH 300G TRAD;Ativo;36;36;102;576;874;684;972;8;843,11
MERCEARIA;NIDAL TUBASI;18;2468;SARDINHA COQUEIRO 125G OLEO;Ativo;54;54;8;0;888;54;108;2;4
MERCEARIA;WETER SONNENFELDET;18;1014;TEMP COMPLETO ODERICH 1KG S PIMENTA;Ativo;12;12;9;0;18;10;22;1;2
NAO ALIMENTO;SANDRO MARTINS VIANNA;18;20097;LENHA P FOGAO 10K;Ativo;1;1;0;0;2;5;10;10;125
PERFUMARIA E LIMPEZA;JOAO BATISTA;18;12293;AGUA SANIT ZAVASKI 5L;Ativo;4;4;-99;0;23;8;12;3;115,25
PERFUMARIA E LIMPEZA;JOAO BATISTA;18;37435;LAVA ROUPA SUPREMA AZUL 3L;Ativo;6;6;0;36;0;48;60;4;5
PERFUMARIA E LIMPEZA;JOAO BATISTA;18;37438;LAVA ROUPA SUPREMA VERDE 3L;Ativo;6;6;0;30;0;48;60;5;4
